atclNm,bildNm,flrInfo,spc2,tradTpNm,hanPrc,atclNo,atclFetrDesc,atclCfmYmd,date,호가
평창현대3단지,601동,6/23,59,매매,30600,2220568399,"급매 남향 부분수리 햇살가득들어옵니다 이사,금액협의",22.06.20.,2022-06-20,3억 600
옥현으뜸마을주공3단지,316동,4/20,59,전세,27000,2220493845,즉시입주 작은방확장 안방 붙박이장 화장실수리 씽크대교체등등 올리모델링,22.06.20.,2022-06-20,"2억 7,000"
무거한신휴플러스,101동,3/17,84,매매,68000,2220500710,"가격절충가는 조용하고,단지조망 라인좋아요",22.06.20.,2022-06-20,"6억 8,000"
신정현대홈타운2단지,201동,23/25,59,매매,33500,2220549196,"실입주가능,탁트인영구조망뷰,지하주차장엘베연결됨",22.06.20.,2022-06-20,"3억 3,500"
울산힐스테이트수암1단지,101동,14/25,84,매매,71000,2220501996,"초초급매 에어컨5대,중문 전망좋고 구조좋은 집 비번보유 언제든안내가능",22.06.20.,2022-06-20,"7억 1,000"
신성미소지움1단지,104동,3/23,84,전세,43000,2220436502,"올확장, 리모델링된예쁜집, 조망일조권우수,금액조정가능",22.06.20.,2022-06-20,"4억 3,000"
대공원대명루첸,108동,26/29,83,전세,47000,2220462545,"108동,남동향,빠른입주협의,시스템에어컨,중문",22.06.20.,2022-06-20,"4억 7,000"
대현더샵2단지,206동,13/18,68,매매,69000,2220533587,"풀옵션,206동로얄층",22.06.20.,2022-06-20,"6억 9,000"
옥현으뜸마을주공3단지,312동,1/15,84,매매,49000,2220563186,즉시입주 주차장없는 1층 사생활보호됨 기본형이라 예쁘게 리모델링 하시면,22.06.20.,2022-06-20,"4억 9,000"
대공원대명루첸,102동,29/29,83,매매,78000,2220435811,"대공원뷰, 일조권우수, 내부깨끗, 이사협의",22.06.20.,2022-06-20,"7억 8,000"
영보가든,1동,13/15,84,매매,22000,2220534333,"사진첨부,전망좋고 입주맞춰드림,샤시교체,부분수리,역전세가능",22.06.20.,2022-06-20,"2억 2,000"
울산힐스테이트수암1단지,102동,4/25,84,매매,75000,2220585496,"o땡큐o즉시입주, 에어컨4개, 일조권좋음,뷰최고임",22.06.20.,2022-06-20,"7억 5,000"
울산신정푸르지오,101동,20/33,84,매매,69000,2220622378,막힘없는 시티뷰와 햇살 가득 품고 있는 깨끗한 집입니다.,22.06.20.,2022-06-20,"6억 9,000"
문수로아이파크2단지,203동,13/23,101,전세,70000,2220622489,깔끔하게 수리했어요,22.06.20.,2022-06-20,7억
넝쿨,라동,3/3,62,매매,53000,2220624478,최상의 위치 재건축구역 아파트입니다,22.06.20.,2022-06-20,"5억 3,000"
달동월드메르디앙,104동,4/21,121,매매,69000,2220629848,"초등인접,저층이지만 일조권좋음 조용하고 살기좋은집",22.06.20.,2022-06-20,"6억 9,000"
어울림,101동,24/25,74,전세,32000,2220629109,"추천,남서향,외부샷시제외인테리어,깨끗함,8월입주가능,학군,주거,교통편리",22.06.20.,2022-06-20,"3억 2,000"
문수로아이파크2단지,203동,13/23,101,월세,50000,2220622601,올전세도 가능하고  수리후 첫입주입니다,22.06.20.,2022-06-20,5억
신복현대,102동,21/22,59,매매,15800,2220631690,"수리되어 깨끗하고 즉시입주가능,햋살좋은 로얄층",22.06.20.,2022-06-20,"1억 5,800"
울산신정푸르지오,101동,27/33,84,매매,65000,2220625740,"급매. 화이트 톤의 깔끔한 내부, 조망과 햇살 모두 충족되는 집",22.06.20.,2022-06-20,"6억 5,000"
옥동삼익,101동,2/20,84,매매,70000,2220607388,"남향, 샷시포함 올리모델링,거실확장, 전세안고 매매",22.06.20.,2022-06-20,7억
문수로아이파크2단지,203동,3/23,101,매매,107000,2220605374,남동향 앞뒤트였으며 거실및작은방확장된 중저층입니다,22.06.20.,2022-06-20,"10억 7,000"
신정현대홈타운3단지,302동,21/25,59,매매,34500,2220612724,남향 로얄층 내부 깨끗하게 관리 잘되어 있음 이사협의,22.06.20.,2022-06-20,"3억 4,500"
수암타워,101동,6/12,76,매매,26000,2220603383,"부분수리,생활권펀리, 중앙중,수암초근처,입주협의.",22.06.20.,2022-06-20,"2억 6,000"
강변센트럴하이츠,105동,6/18,140,매매,88000,2220620967,"신정공원,시티뷰 안정감 있는 눈높이",22.06.20.,2022-06-20,"8억 8,000"
강변센트럴하이츠,109동,5/15,138,매매,87000,2220619632,"앞동,안정감 있는 4 bay 구조,시세대비 착한 금액",22.06.20.,2022-06-20,"8억 7,000"
상아파크,1동,4/12,79,매매,35000,2220606595,급매물 군부대 조망 좋은 집 화장실교체 가격조절 해드림,22.06.20.,2022-06-20,"3억 5,000"
울산신정푸르지오,103동,24/33,84,매매,69000,2220622183,"앞동.남향, 관리 잘 된 로얄층 집입니다.",22.06.20.,2022-06-20,"6억 9,000"
옥동현대,102동,12/19,84,매매,39000,2220606267,탁트인뷰 수년전샤시포함 전체수리한 로얄층입니다,22.06.20.,2022-06-20,"3억 9,000"
강변센트럴하이츠,105동,6/18,140,전세,60000,2220620622,"안정감 있는 눈높이,태화강 및 신정공원,시티뷰 모두 이쁜 조망",22.06.20.,2022-06-20,6억
강변센트럴하이츠,105동,5/18,140,매매,91000,2220622219,"작은부분 하나 하나 신경쓴 이쁜 리모델링,안정감 있는 이쁜 조망",22.06.20.,2022-06-20,"9억 1,000"
태화강서희스타힐스(주상복합),101동,2/20,84,매매,38000,2220609027,필로티.올리모델링.층간소음 걱정없음.,22.06.20.,2022-06-20,"3억 8,000"
굴화주공2단지,205동,5/15,59,매매,24500,2220613325,남향.화장실교체.앞동.실입주 또는 전세안고도 가능.가격조정가능,22.06.20.,2022-06-20,"2억 4,500"
강변센트럴하이츠,105동,10/18,140,매매,90000,2220613667,관리상태 좋고 강조망 예쁜집 전세안고 매매합니다.,22.06.20.,2022-06-20,9억
신정현대홈타운2단지,204동,2/25,59,매매,31000,2220608546,올확장 부분수리 빠른입주,22.06.20.,2022-06-20,"3억 1,000"
쌍용스윗닷홈,107동,6/12,75,매매,57000,2220610070,"전체적인수리,사진첨부,거실및방확장,로얄층,입주맞춰드려요.",22.06.20.,2022-06-20,"5억 7,000"
울산신정푸르지오,103동,4/33,84,매매,65000,2220621946,급매입니다. 편안한 층수로 막힘없는 조망나오는 집입니다.,22.06.20.,2022-06-20,"6억 5,000"
대륙현대2차,102동,12/15,84,매매,45000,2220607297,남향 로얄층 중간라인 내부 올수리,22.06.20.,2022-06-20,"4억 5,000"
도성,8동,4/6,50,매매,36000,2220609445,남산초 남부도서관5분 생활권편리합니다,22.06.20.,2022-06-20,"3억 6,000"
무거한신휴플러스,101동,1/17,84,매매,66000,2220607632,인기동 어린아이키우기좋은집 정원같은조망 초중고대도보10분거리휘트니시설조정,22.06.20.,2022-06-20,"6억 6,000"
고려청구파크,1동,5/15,84,전세,24000,2220602100,조정가 방3화2 남향 내부샤시등 부분수리된 중저층입니다,22.06.20.,2022-06-20,"2억 4,000"
울산번영로두산위브,107동,1/27,84,월세,5000,2220595909,"일조좋은맨앞동,층간소음걱정없는1층,남동남서이중,주방수리로거실넓음",22.06.20.,2022-06-20,"5,000"
울산번영로두산위브,106동,14/27,84,매매,72000,2220599511,"남동남서 이중,로얄동,높은중층,부분인테리어,주인거주깨끗한집",22.06.20.,2022-06-20,"7억 2,000"
신정현대홈타운3단지,301동,12/25,114,매매,53500,2220602205,"남향,선호하는 앞동, 기본집 잔금전 수리기간드림,",22.06.20.,2022-06-20,"5억 3,500"
번영로하늘채센트럴파크,104동,7/27,84,전세,45000,2220593583,신축첫입주 신축전세 야음동랜드마크,22.06.20.,2022-06-20,"4억 5,000"
근훈스카이빌2차(주상복합),1동,8/11,84,매매,32000,2220593771,"롯데마트신정시장시청 인접, 생활교통교육행정 인프라 울산 최고.",22.06.20.,2022-06-20,"3억 2,000"
울산번영로두산위브,107동,1/27,84,매매,78000,2220597315,"일조좋은맨앞동,층간소음걱정없는1층,남동남서이중,주방수리로거실넓음",22.06.20.,2022-06-20,"7억 8,000"
울산번영로두산위브,103동,4/25,84,매매,67000,2220598297,"급매,남동남서 이중,주인거주깨끗한집,즉시입주가능",22.06.20.,2022-06-20,"6억 7,000"
세림벽산강변타운,104동,8/17,84,매매,43500,2220601557,"조망권,일조권좋은 앞동에 정남향,최근 외부샷시제외 올수리된집,협의입주",22.06.20.,2022-06-20,"4억 3,500"
쌍용스윗닷홈,201동,5/12,84,매매,60500,2220601805,"샷시제외 올리모델링,보일러교체,집 너무 깔끔하고 관리잘되었어요",22.06.20.,2022-06-20,6억 500
우성,103동,7/14,84,매매,41000,2220595416,"103동 7층 거실확장포함 수리됨, 입주.가격협의가능, 초교 5분거리",22.06.20.,2022-06-20,"4억 1,000"
울산번영로두산위브,106동,9/27,84,매매,68000,2220598785,"남동향,조용한인기동,EV2대라인,9월중순입주가능",22.06.20.,2022-06-20,"6억 8,000"
우성,102동,1/14,84,매매,36000,2220595091,"102동 아이키우기좋은집 거실확장 포함 수리됨, 고급방범망 시공됨.",22.06.20.,2022-06-20,"3억 6,000"
우성,101동,6/15,84,매매,40000,2220595246,"101동 거실확장 포함 수리됨, 입주협의, 인근초교.복지관 5분거리",22.06.20.,2022-06-20,4억
대공원대명루첸,104동,5/29,83,매매,79000,2220596461,"빠른입주가능, 남서향, 인기좋은A타입, 내부상태깨끗, 에어컨.",22.06.20.,2022-06-20,"7억 9,000"
고려청구파크,1동,5/15,84,매매,30000,2220601485,방3화2 남향 내부샤시등 부분수리된 중저층입니다,22.06.20.,2022-06-20,3억
번영로하늘채센트럴파크,104동,7/27,84,매매,81000,2220592528,신축첫입주 신축전세 야음동랜드마크,22.06.20.,2022-06-20,"8억 1,000"
대공원현대,103동,10/14,84,전세,48000,2220595053,"로얄층,대공원전망,입주협의",22.06.20.,2022-06-20,"4억 8,000"
신정현대홈타운1단지,103동,24/25,84,매매,48000,2220601978,"방1확장,외부샷시제외 올수리,남향,앞막히는것 없어 조망좋고 해잘들어요",22.06.20.,2022-06-20,"4억 8,000"
우성,103동,10/14,84,전세,33000,2220595659,"103동 10층 샤시포함올리모델링 해주는 조건, 로얄라인 일조건굿",22.06.20.,2022-06-20,"3억 3,000"
옥동현대,101동,8/20,125,매매,69000,2220586912,"맨앞동 남향 로얄층 샷시.배관포함 전체올리모델링 조망,일조최상 학원밀집가",22.06.20.,2022-06-20,"6억 9,000"
울산번영로두산위브,103동,6/25,84,매매,72000,2220580432,남동남서방향 작은방2붙박이장설치 일조권좋은조망트인집집상태최상,22.06.20.,2022-06-20,"7억 2,000"
신정현대홈타운4단지,402동,6/25,81,전세,38000,2220584573,"시원하게 트인 뷰, 주차 연결동, 인근 상권 이용편리",22.06.20.,2022-06-20,"3억 8,000"
신정현대홈타운3단지,304동,4/25,59,전세,30000,2220584076,"화이트올수리후 첫입주, 일조최상, 반려동물 불가 입니다.",22.06.20.,2022-06-20,3억
우성,102동,8/14,84,매매,39000,2220590983,102동 남향 8층 로얄층 수리됨 일조건굿,22.06.20.,2022-06-20,"3억 9,000"
어울림,101동,9/25,74,매매,37000,2220580198,"추천,남서향,거실,방확장,깨끗함,6월28일이후입주가능,학군,주거,교통편리",22.06.20.,2022-06-20,"3억 7,000"
울산번영로두산위브,103동,19/25,84,매매,78000,2220583337,"정남향 시스템에어컨5,중문,인덕션,붘박이장,led등교 일조권최상",22.06.20.,2022-06-20,"7억 8,000"
무거위브자이,112동,14/14,119,매매,78000,2220582456,"급매,4bay구조, 즉시입주가능,조용하고 관리잘되어 집상태 좋아요",22.06.20.,2022-06-20,"7억 8,000"
옥동현대,103동,2/20,84,매매,39500,2220585271,남향 선호라인 학원밀집가 생활권편리 단지앞 마을버스정류장과 중형마트있음,22.06.20.,2022-06-20,"3억 9,500"
대현더샵2단지,207동,7/20,68,전세,39000,2220591957,단지조망이 예쁜집.남동향.판상형.집내부 관리 잘되어 있어요.,22.06.20.,2022-06-20,"3억 9,000"
한양,라동,5/5,50,매매,17500,2220582119,"전체리모델링된5층,즉시입주,방3개,거실확장,욕실1개,향후재건축시호재예상",22.06.20.,2022-06-20,"1억 7,500"
달동SK뷰,106동,11/19,59,매매,33000,2220588184,"즉시입주가능, 부분인테리어, 내부상태깨끗, 로얄층, 방3칸",22.06.20.,2022-06-20,"3억 3,000"
울산번영로두산위브,105동,23/24,84,매매,81000,2220580901,정남향 즉시입주 최고의조망 일조권최상 판상형타입,22.06.20.,2022-06-20,"8억 1,000"
옥동현대,102동,8/19,84,매매,35000,2220589055,신정중앞 조망좋은 로얄층 수리요함 학원밀집가 생활권편리.남산군부대개발호재,22.06.20.,2022-06-20,"3억 5,000"
선암에코하이츠,104동,6/20,84,매매,57000,2220579412,"104동로얄동,34C타입,방3,욕실2,붙박이장2,화장대,드레스룸,현관중문",22.06.20.,2022-06-20,"5억 7,000"
무거위브자이,104동,4/25,119,매매,75000,2220581745,,22.06.20.,2022-06-20,"7억 5,000"
성도,1동,2/25,84,전세,37000,2220585534,"남향 샷시,확장.안방붙박이시공,전체완벽 리모델링  학원밀집가 생활권편리",22.06.20.,2022-06-20,"3억 7,000"
달동삼성,102동,18/25,59,매매,27000,2220589978,"채광, 앞조망 좋음,2023년7월말 잔금조건",22.06.20.,2022-06-20,"2억 7,000"
삼산선경,3동,12/24,84,전세,31000,2220588493,올수리 즉시입주,22.06.20.,2022-06-20,"3억 1,000"
아데라움,105동,17/20,84,매매,54000,2220578988,전망트임 선호동 중간라인 실입주 가능 내부수리,22.06.20.,2022-06-20,"5억 4,000"
울산번영로두산위브,107동,1/27,84,전세,42000,2220575268,1층 맨앞동 일조좋은남동남서향 부분리모델링 내부컨디션좋은집,22.06.20.,2022-06-20,"4억 2,000"
신정현대홈타운2단지,206동,17/25,81,매매,38500,2220572962,"일조권 좋음,수리되고 깨끗하게 관리,이사협의",22.06.20.,2022-06-20,"3억 8,500"
옥동롯데인벤스로얄,102동,11/19,123,전세,63000,2220567418,앞뒤 탁트인 전망좋은 로얄층 입주청소완료된 깨끗한집 귀한전세 시세보다저렴,22.06.20.,2022-06-20,"6억 3,000"
울산신정푸르지오,103동,33/33,84,매매,70000,2220561839,"층고 높은 귀한 탑층,멋진 시티뷰 및 태화강 조망까지,",22.06.20.,2022-06-20,7억
옥현으뜸마을주공3단지,303동,2/15,75,매매,44000,2220561206,남향 속집 화장실과 보일러교체 2년외 올리모델링되어 집상태 깔끔,22.06.20.,2022-06-20,"4억 4,000"
굴화주공2단지,210동,16/18,59,전세,20000,2220571875,남향.올수리됨.로얄층.이사협의가능함,22.06.20.,2022-06-20,2억
울산신정푸르지오,102동,27/31,84,매매,68000,2220571441,급매 막힘1도없는 로얄동 로얄층,22.06.20.,2022-06-20,"6억 8,000"
강변센트럴하이츠,102동,7/24,159,매매,135000,2220576792,"동간 간격이 넓고 중문설치되고 관리상태 좋음, 안정감있는 층수예요",22.06.20.,2022-06-20,"13억 5,000"
대신그린파크,1동,5/18,59,매매,18000,2220562480,"조망나옴,동향,내부샤시까지 올리모델링,여천천 뷰,즉시입주",22.06.20.,2022-06-20,"1억 8,000"
울산신정푸르지오,101동,30/33,84,매매,68000,2220573937,급매 조건협의가능 로얄동호 멋진태화강뷰,22.06.20.,2022-06-20,"6억 8,000"
울산신정푸르지오,108동,16/32,71,매매,59000,2220567889,단지조망 강조망이 어우러진집 조용한동으로 관리잘된예쁜집,22.06.20.,2022-06-20,"5억 9,000"
강변센트럴하이츠,102동,5/24,140,매매,89000,2220577457,"관리상태최상, 깔끔한 인테리어가 되어있고 햇살이 너무좋으며 조망권 좋아요",22.06.20.,2022-06-20,"8억 9,000"
선암에코하이츠,105동,14/20,84,매매,45000,2220575001,"정남향,로얄층,방3,욕실2,붙박이장2,화장대,드레스룸,중문,식탁",22.06.20.,2022-06-20,"4억 5,000"
선암에코하이츠,102동,2/20,59,매매,31000,2220570565,"2층필로티,어린자녀두신분께추천,정남향,방3,욕실2,붙박이장,식탁,중문",22.06.20.,2022-06-20,"3억 1,000"
대공원대명루첸,108동,5/29,83,매매,85000,2220565174,"108동,풀에어컨,김치냉장고,중문,관리잘된집,빠른입주",22.06.20.,2022-06-20,"8억 5,000"
일동미라주,103동,3/15,84,매매,46000,2220566367,"탁트인전망 즉입주,급매,생활권편리한단지,학군,조정가능",22.06.20.,2022-06-20,"4억 6,000"
울산힐스테이트수암1단지,101동,14/25,84,전세,50000,2220578157,시스템5 중문 햇살좋음 매매도가능 힐스사랑,22.06.20.,2022-06-20,5억
선암에코하이츠,104동,4/20,84,매매,55000,2220570610,"산조망,욕실2,현관중문,샷시필름,붙박이장2,화장대,드레스룸,현관수납장",22.06.20.,2022-06-20,"5억 5,000"
신정현대홈타운2단지,201동,24/25,84,매매,49000,2220570512,"남향, 탁트이고 일조권 좋음,2년전 화이트톤고급올수리 올확장,주차좋은동,",22.06.20.,2022-06-20,"4억 9,000"
대현디아채,101동,12/14,84,매매,52000,2220564520,추천. 선호하는 정남향. 거실 작은방 확장. 이사협의가능,22.06.20.,2022-06-20,"5억 2,000"
상개목화,101동,3/15,48,매매,9500,2220537931,"저층,부분리모델링,주차편리,공단출퇴근용이합니다",22.06.20.,2022-06-20,"9,500"
굴화주공2단지,209동,5/18,59,매매,24500,2220539943,남향.화장실교체됨.초등학교인접.상태깨끗함,22.06.20.,2022-06-20,"2억 4,500"
대공원대명루첸,106동,9/29,83,매매,80000,2220542570,"비번보유,편의시설상가,도서관,피트니스센터이용에 가장좋은동,풀에컨시스템,",22.06.20.,2022-06-20,8억
대현디아채,101동,13/14,84,매매,50000,2220535940,"뷰최상, 초중고인접,생활권편리",22.06.20.,2022-06-20,5억
한화꿈에그린2단지,201동,13/22,84,매매,58000,2220549094,막힘없는시내전망 관리잘된깨끗한집 전체확장 입주협의,22.06.20.,2022-06-20,"5억 8,000"
대현디아채,101동,11/14,84,매매,52000,2220535554,"올리모델링,집상태완전깨끗",22.06.20.,2022-06-20,"5억 2,000"
신정현대홈타운3단지,303동,15/25,84,매매,45000,2220540335,"주차편리한동, 남향, 부분수리 깨끗한 집",22.06.20.,2022-06-20,"4억 5,000"
대현디아채,103동,8/14,84,매매,50000,2220535728,"급매,단지뷰 좋은남서향,생활권편리",22.06.20.,2022-06-20,5억
울산신정센트럴하임(주상복합),1동,18/24,60,매매,39500,2220542211,"세입자안고매매,신축3년차,롯데마트,청솔초,수암시장 다 도보가능",22.06.20.,2022-06-20,"3억 9,500"
야음신선,103동,5/15,46,매매,16500,2220559437,수리되어 깨끗.이사협의.신선산숲뷰,22.06.20.,2022-06-20,"1억 6,500"
울산센트럴자이(주상복합),102동,7/29,90,매매,75000,2220535692,"내부상태깨끗, 일조권 조망권좋음, 입지조건 최고",22.06.20.,2022-06-20,"7억 5,000"
신성미소지움1단지,104동,3/23,84,매매,55500,2220542977,"즉시입주가능,집상태깨끗,청솔초연접,가격조정가능",22.06.20.,2022-06-20,"5억 5,500"
삼산현대,102동,10/13,84,매매,63500,2220549946,남향.로얄층. 내부전체수리. 전망트임. 이사협의.,22.06.20.,2022-06-20,"6억 3,500"
신정현대홈타운3단지,303동,24/25,84,매매,46000,2220540201,"매매가조율가능, 주차좋은동, 하루종일햇살좋은집",22.06.20.,2022-06-20,"4억 6,000"
쌍용스윗닷홈,107동,1/12,75,매매,55000,2220560312,아이가 맘껏 뛰놀수 있는 1층.방2거실확장.입주협의가능,22.06.20.,2022-06-20,"5억 5,000"
울산신정동양우내안애팰리스(주상복합),1동,11/20,84,매매,45000,2220544744,"신정초 근접, 거실넓은구조, 상태매우좋음, 실입주가능",22.06.20.,2022-06-20,"4억 5,000"
야음신선,103동,10/15,46,매매,15500,2220558623,빠른입주가능.주인거주로 관리잘됨.신선산뷰,22.06.20.,2022-06-20,"1억 5,500"
신정현대홈타운4단지,404동,7/25,84,매매,48500,2220552425,"실입주가능,탁트인영구조망뷰,지하주차장엘베연결됨",22.06.20.,2022-06-20,"4억 8,500"
쌍용스윗닷홈,107동,10/12,75,매매,57000,2220560442,기본.중문설치.입주협의,22.06.20.,2022-06-20,"5억 7,000"
신정현대홈타운4단지,404동,2/25,84,매매,46000,2220540545,"거실,작은방 확장, 깨끗한집, 매매가조율",22.06.20.,2022-06-20,"4억 6,000"
삼호,102동,2/12,59,매매,15500,2220527370,"올리모델링, 거실확장, 귀한매물, 빠른입주가능, 붙박이장, 보일러교체함",22.06.20.,2022-06-20,"1억 5,500"
울산번영로두산위브,107동,19/27,84,매매,74000,2220518596,판상형인기구조 고층 확트인조망 중문 식기세척기냉장고장 줄눈탄성 입주협의,22.06.20.,2022-06-20,"7억 4,000"
세양청구마을,105동,5/23,59,전세,22000,2220529458,"앞베란다내외부샤시교체,작은방확장등 올수리",22.06.20.,2022-06-20,"2억 2,000"
신정현대홈타운1단지,105동,5/25,81,전세,35000,2220534039,남동향 중간층 올수리 후 첫입주 주차연결동,22.06.20.,2022-06-20,"3억 5,000"
울산롯데캐슬골드1단지,112동,13/19,74,월세,15000,2220527686,"귀한 월세, 9월 말부터 입주 협의 가능, 접근성 좋은 동",22.06.20.,2022-06-20,"1억 5,000"
신정현대홈타운3단지,304동,23/25,81,전세,36000,2220511809,남동향 특 올수리 후 첫입주 주차연결동,22.06.20.,2022-06-20,"3억 6,000"
일동미라주,102동,6/15,84,매매,47000,2220516249,입구에서 가까운 위치. 동 간 거리가 멀어 햇볕 잘 듭니다.,22.06.20.,2022-06-20,"4억 7,000"
세양청구마을,105동,5/23,59,매매,25500,2220529891,"내외부올샤시교체,작은방확장등 올수리",22.06.20.,2022-06-20,"2억 5,500"
신정현대홈타운2단지,204동,16/25,59,매매,35000,2220514172,최상 일조량 좋고 최상의 전망입니다 즉시입주가능,22.06.20.,2022-06-20,"3억 5,000"
쌍용스윗닷홈,108동,13/13,84,매매,59000,2220510038,부분수리 깨끗,22.06.20.,2022-06-20,"5억 9,000"
신복현대,101동,3/22,59,매매,15000,2220524286,"입구동,꺠끗한집.입주협의 또는임차인 안고 매매도 가능.",22.06.20.,2022-06-20,"1억 5,000"
달동삼성,102동,3/25,59,매매,26500,2220530679,"남향,뷰뷴수리,앞동이라 여천천보이고  전망좋아요",22.06.20.,2022-06-20,"2억 6,500"
신정현대홈타운2단지,207동,19/25,114,매매,55000,2220508456,올수리 전세안고 매매 23년 4월7일 만기 일조량 전망 좋은집,22.06.20.,2022-06-20,"5억 5,000"
쌍용스윗닷홈,201동,10/12,84,매매,61000,2220532799,거실확장등 수리 깨끗,22.06.20.,2022-06-20,"6억 1,000"
달동현대1차,102동,10/15,84,매매,47000,2220534886,"샤시포함 전체수리됨, 일조권좋음, 입주협의가능",22.06.20.,2022-06-20,"4억 7,000"
동서4차,1동,13/15,67,매매,28000,2220535408,남향 로얄층 샷시포함 올수리 공원 뷰라 전망좋음 이사협의,22.06.20.,2022-06-20,"2억 8,000"
울산신정푸르지오,108동,11/32,71,전세,38000,2220527205,"바로입주 가능, 관리잘되어 있어요",22.06.20.,2022-06-20,"3억 8,000"
옥서홈타운,1동,11/15,59,매매,33000,2220532234,"로열층, 뷰뛰어남, 거실확장됨, 샷시교체, 수리된집",22.06.20.,2022-06-20,"3억 3,000"
신정현대홈타운1단지,104동,21/25,84,전세,34000,2220510840,급전세 남향 로얄층 올수리 지하주차장 연결동  즉시입주 가능함,22.06.20.,2022-06-20,"3억 4,000"
울산롯데캐슬골드1단지,110동,13/19,74,매매,49000,2220528960,"10월 입주 가능, 입주 협의, 기본집이며 관리 잘 되어 있습니다.",22.06.20.,2022-06-20,"4억 9,000"
현우골든맨션,101동,7/10,84,매매,26000,2220506116,"로얄층,리모델링되어 깨끗하고 입주가능,현대백화점도보5분거리",22.06.20.,2022-06-20,"2억 6,000"
달동SK뷰,106동,8/19,59,전세,28000,2220503310,남서방향 작은방확장 올수리 이사협의,22.06.20.,2022-06-20,"2억 8,000"
신정현대홈타운1단지,106동,7/25,84,매매,47000,2220497861,"남향,부분리모델링,상가접근성좋은라인",22.06.20.,2022-06-20,"4억 7,000"
야음신선,103동,9/15,46,매매,16000,2220491174,남향 신선산뷰 올수리 밝고깨끗한집 즉시입주가능,22.06.20.,2022-06-20,"1억 6,000"
신정현대홈타운3단지,302동,20/25,59,전세,31000,2220492452,"전체 올수리 , 일조 최상, 주차장 연결동.",22.06.20.,2022-06-20,"3억 1,000"
신정현대홈타운2단지,202동,2/25,84,매매,41000,2220502231,작은방확장 씽크대교체 부분수리 편안한저층 이사협의가,22.06.20.,2022-06-20,"4억 1,000"
신정현대홈타운2단지,206동,1/25,81,전세,33000,2220506738,남동방향 저층 전체 올수리 후 첫입주 안방붙박이장 설치,22.06.20.,2022-06-20,"3억 3,000"
신정현대홈타운2단지,202동,23/25,114,전세,45000,2220502340,남향 로얄층 올확장 부분수리되어 깨끗 주차연결동 이사협의,22.06.20.,2022-06-20,"4억 5,000"
번영로하늘채센트럴파크,103동,23/27,74,전세,34000,2220500212,신축첫입주 로얄층 거실 개방감좋은 타워형 전세대출가능,22.06.20.,2022-06-20,"3억 4,000"
신정현대홈타운1단지,102동,17/25,59,전세,28000,2220498346,막힘없는 조망 일조좋은 로얄층 관리잘된집 이사협의가,22.06.20.,2022-06-20,"2억 8,000"
신정현대홈타운3단지,302동,13/25,84,매매,44500,2220493636,"작은방 확장, 관리잘된 밝은집, 조율가능",22.06.20.,2022-06-20,"4억 4,500"
삼신현대,103동,8/15,70,매매,35000,2220500110,"확트인 조망권,일조권최상, 올수리,생활권좋은 동네, 7월말이후 협의입주",22.06.20.,2022-06-20,"3억 5,000"
신정현대홈타운2단지,201동,20/25,59,전세,30000,2220503957,남동향 올수리 후 첫 입주 탁 트인 조망 주차좋은동,22.06.20.,2022-06-20,3억
야음신선,102동,12/15,46,전세,13000,2220502709,즉시입주 일부수리 도배해줌 신선산조망뷰 관리잘된 집 햇빛잘들어 집이환해요,22.06.20.,2022-06-20,"1억 3,000"
울산롯데캐슬골드1단지,106동,6/24,157,매매,79000,2220504525,"정남향,생활권편리,보일러인터폰,욕실,씽크대교체주인거주중관리잘된집",22.06.20.,2022-06-20,"7억 9,000"
삼신현대,103동,8/15,70,전세,25000,2220493652,"확트인조망권,일조권최상,올수리,상태최상,생활권이 좋음,7월말이후 협의입주",22.06.20.,2022-06-20,"2억 5,000"
울산번영로두산위브,106동,8/27,84,매매,70000,2220506512,"앞뒤트인조망권 판상형맞통풍구조 붙박이장2 주방,욕실리모델링",22.06.20.,2022-06-20,7억
울산롯데캐슬골드2단지,203동,3/20,116,매매,70000,2220490219,"정남향,안정감있는뷰,생활권편리한동,입주협의,조정가능,",22.06.20.,2022-06-20,7억
동부,102동,13/20,59,매매,33500,2220508340,거실 방1확장 중문등 올수리,22.06.20.,2022-06-20,"3억 3,500"
신성미소지움2단지,206동,11/23,84,매매,56000,2220496039,"최근올리모델링,작은방확장,집상태깨끗,즉시입주가능",22.06.20.,2022-06-20,"5억 6,000"
세양청구마을,108동,5/23,84,매매,37000,2220489278,앞이 트여 있어서 층이 낮아도 햇살가득,22.06.20.,2022-06-20,"3억 7,000"
삼신현대,102동,14/15,84,전세,30000,2220489552,샤시포함올리모델링 빠른입주가능 앞조망 일조건굿 인근복지관 초교 5분거리,22.06.20.,2022-06-20,3억
동부,303동,17/20,104,매매,52000,2220473317,시원한뷰 로얄층 최근외부샷시포함수리 방확장 이사협의,22.06.20.,2022-06-20,"5억 2,000"
대현더샵2단지,202동,24/31,84,매매,85500,2220475055,급매. 확트인 도심뷰. 시스템에어컨3대.중문.줄눈.한평공사되어 있어요,22.06.20.,2022-06-20,"8억 5,500"
대현더샵2단지,208동,29/29,68,매매,74000,2220480802,더.샵부동산. 신선산조망 최상층 중문 이사협의가능 ,22.06.20.,2022-06-20,"7억 4,000"
신정현대홈타운1단지,105동,5/25,81,매매,41000,2220482235,"수리된 깔끔한집, 즉시입주 가능하며, 조율가능해요",22.06.20.,2022-06-20,"4억 1,000"
신정현대홈타운2단지,201동,4/25,84,매매,41000,2220490076,"남향, 조망 나오는 깔끔한집, 이사협의가능하며 조율됨",22.06.20.,2022-06-20,"4억 1,000"
신정현대홈타운2단지,206동,20/25,81,전세,33500,2220485015,"샷시포함 올수리 , 작은방확장, 빠른입주 가능해요",22.06.20.,2022-06-20,"3억 3,500"
세양청구마을,106동,21/23,84,매매,38000,2220482714,인테리어하기 아주 좋은 집  남향 로얄층 일조량 풍부 태화강뷰,22.06.20.,2022-06-20,"3억 8,000"
울산롯데캐슬골드2단지,203동,2/20,116,매매,67000,2220475916,"필로티, 남향, 깔끔하게 관리잘됨, 아이키우기좋은 필로티",22.06.20.,2022-06-20,"6억 7,000"
신정현대홈타운2단지,209동,2/25,84,매매,42000,2220489194,"작은방확장, 씽크대수리, 베란다수납장설치, 가격조율가능",22.06.20.,2022-06-20,"4억 2,000"
동부,203동,2/18,84,매매,44000,2220472643,"앞동 일조권우수한 남향. 부분수리. 최근 보일러,배관 교체했습니다",22.06.20.,2022-06-20,"4억 4,000"
울산롯데캐슬골드1단지,102동,6/21,116,매매,68000,2220480704,"남향,입구가까운동,생활권편리함 입주협의",22.06.20.,2022-06-20,"6억 8,000"
대현더샵1단지,102동,16/27,84,매매,84500,2220489977,THE샵.만족감 높은1단지.안방수납장이 넓은A타입.풀옵션.탁트인조망,22.06.20.,2022-06-20,"8억 4,500"
대현더샵2단지,207동,10/20,68,전세,38000,2220474805,더.샵부동산. 급전세 선호남서 4bay구조,22.06.20.,2022-06-20,"3억 8,000"
대현더샵2단지,206동,6/18,68,매매,65000,2220475763,더.샵부동산. 급매 초록조망 햇살좋은 남서향 상가이용편리 ,22.06.20.,2022-06-20,"6억 5,000"
신정현대홈타운2단지,204동,22/25,59,전세,30000,2220484290,"샷시포함 전체수리, 작은방1,거실확장, 전세자금대출동의, 신혼부부강추",22.06.20.,2022-06-20,3억
대현더샵2단지,205동,14/31,84,매매,90000,2220476269,더.샵부동산. 풀옵션 만족감 높은 동 즉시입주가능,22.06.20.,2022-06-20,9억
신정현대홈타운2단지,204동,23/25,84,전세,35000,2220488434,"샷시포함 최상올수리된집, 신발장 양쪽, 인터폰교체, 즉시 입주가능",22.06.20.,2022-06-20,"3억 5,000"
대공원대명루첸,104동,16/29,83,월세,5000,2220482262,"앞동,조망최고,즉시입주,조정가능,시스템에어컨,관리잘된집",22.06.20.,2022-06-20,"5,000"
무거위브자이,113동,22/24,84,매매,70000,2220462955,"급매.탁트인전망,관리잘되어 집상태 양호함",22.06.20.,2022-06-20,7억
성도,1동,15/25,84,매매,42500,2220453692,"샤시등 내부 올수리,탁트인 전망,실입주가능",22.06.20.,2022-06-20,"4억 2,500"
동부,206동,9/20,59,매매,32500,2220471951,로얄층 부분수리 방확장 빠른입주 집깔끔합니다,22.06.20.,2022-06-20,"3억 2,500"
신정지웰(주상복합),101동,24/29,84,매매,48000,2220463870,로얄층 탁트인 시티뷰 4베이 신축3년 주차편리,22.06.20.,2022-06-20,"4억 8,000"
서강파크2차,비동,13/16,84,매매,37000,2220463152,옥서초옥동중인근 남향 로얄층 외부샷시포함올수리 전세안고매매,22.06.20.,2022-06-20,"3억 7,000"
아데라움,105동,17/20,84,매매,54000,2220471583,"최적의 주거입지, 거실, 작은방 1 확장임, ",22.06.20.,2022-06-20,"5억 4,000"
일동미라주,102동,12/15,84,매매,50000,2220457577,올수리 예쁜집  남향 로얄층 모던함 입주협의가,22.06.20.,2022-06-20,5억
대공원대명루첸,104동,16/29,83,전세,48000,2220470447,"앞동,남동향,시스템에어컨,롯데마트,청솔초",22.06.20.,2022-06-20,"4억 8,000"
대현더샵1단지,103동,3/23,68,매매,66000,2220463449,THE샵.단지조망이 예쁜집.시스템에어컨2대.일조량좋은집입니다.,22.06.20.,2022-06-20,"6억 6,000"
대공원대명루첸,108동,13/29,83,매매,79000,2220469184,"여천천뷰, 풀시스템에어컨, 중문, LED, 인덕션, 식기세척기, 조정가능",22.06.20.,2022-06-20,"7억 9,000"
어울림,101동,16/25,59,전세,27000,2220455430,일조 조망최상 생활권편리 깨끗하게 수리해드립니다,22.06.20.,2022-06-20,"2억 7,000"
삼산리버뷰웰가(주상복합),102동,13/20,55,매매,35000,2220458347,"고급형 벽면시공, 로얄층, 전세안고매매",22.06.20.,2022-06-20,"3억 5,000"
신정현대홈타운3단지,303동,13/25,84,매매,47000,2220456426,작은방확장 올수리된집 지하층 2층 연결동,22.06.20.,2022-06-20,"4억 7,000"
신정현대홈타운3단지,303동,9/25,84,매매,43000,2220457692,작은방확장 지하주차장연결된동,22.06.20.,2022-06-20,"4억 3,000"
번영로하늘채센트럴파크,110동,14/27,59,전세,32000,2220469018,신축첫입주 전세대출가능 로얄층 남동향  옵션협의가능,22.06.20.,2022-06-20,"3억 2,000"
동부,201동,4/20,84,매매,42000,2220452905,남향.부분수리.작은방확장.주인거주로 관리잘됨,22.06.20.,2022-06-20,"4억 2,000"
울산번영로두산위브,107동,6/27,84,매매,75000,2220458231,일조량 좋고 작은방남서방향 전망 좋은집,22.06.20.,2022-06-20,"7억 5,000"
번영로하늘채센트럴파크,110동,9/27,59,전세,32000,2220467932,전세대출가능 남동향 단지뷰 개방감좋은구조 시스템에어컨,22.06.20.,2022-06-20,"3억 2,000"
대공원대명루첸,101동,19/24,83,매매,80000,2220463631,"공원뷰,조정가능,남서향,시스템에어컨,관리잘된집,청솔초",22.06.20.,2022-06-20,8억
신성미소지움2단지,202동,15/16,119,매매,90000,2220466273,일조 좋은 남향 로얄층 주차장연결동 즉시입주가,22.06.20.,2022-06-20,9억
신정현대홈타운4단지,404동,18/25,84,매매,55000,2220450740,작은방확장 올수리 전망 로얄동 로얄층 전망일조량 최상입니다,22.06.20.,2022-06-20,"5억 5,000"
신정현대홈타운2단지,204동,15/25,84,매매,46000,2220440129,샤시제외 화이트톤 올수리된 깨끗한 남향 이사협의가,22.06.20.,2022-06-20,"4억 6,000"
신정현대홈타운3단지,301동,1/25,114,매매,54000,2220451566,작은방확장 씽크대 화장실 교체 앞동이고 일조량 좋습니다,22.06.20.,2022-06-20,"5억 4,000"
신정현대홈타운2단지,204동,15/25,84,전세,36000,2220449192,중문 씽크대교체 화장실교체 등교체 일조량 전망 좋은집,22.06.20.,2022-06-20,"3억 6,000"
도성,8동,6/6,50,매매,35000,2220450409,"샷시포함 세련된 화이트 올리모델링된 집,실입주가능",22.06.20.,2022-06-20,"3억 5,000"
울산번영로두산위브,105동,20/24,84,매매,81000,2220447726,"남향,로얄동,작은방붙박이장,중문,거실아트홀",22.06.20.,2022-06-20,"8억 1,000"
신정현대홈타운1단지,106동,4/25,84,매매,43000,2220446924,"남향,작은방확장,지하주차장연결동,내부깔끔,이사협의가능",22.06.20.,2022-06-20,"4억 3,000"
신정현대홈타운1단지,102동,21/25,114,매매,59900,2220437206,"남향,내부올수리,이사협의",22.06.20.,2022-06-20,"5억 9,900"
금오그린,에이동,1/9,58,매매,20000,2220447144,"2년전 샷시포함 올수리된 깨끗한 집,입주가능",22.06.20.,2022-06-20,2억
어울림,101동,8/25,74,전세,32000,2220437215,"남서향,올수리,전망좋음,초등학교인접동",22.06.20.,2022-06-20,"3억 2,000"
신정현대홈타운2단지,209동,15/25,84,매매,43000,2220437324,"올수리,올확장,전망좋음",22.06.20.,2022-06-20,"4억 3,000"
신정현대홈타운4단지,403동,25/25,40,매매,17000,2220444151,층간소음걱정없는 탑층 여천천뷰최상 전세입자안고매매,22.06.20.,2022-06-20,"1억 7,000"
신정현대홈타운3단지,302동,6/25,59,매매,33500,2220451910,올확장 올수리 일조좋아요 이사협의가,22.06.20.,2022-06-20,"3억 3,500"
신정현대홈타운2단지,207동,8/25,114,매매,52000,2220445158,올확장 올수리 관리잘된집 이사협의가,22.06.20.,2022-06-20,"5억 2,000"
신정현대홈타운3단지,303동,2/25,84,전세,38000,2220436729,"올수리,올확장,주차편리",22.06.20.,2022-06-20,"3억 8,000"
성도,1동,1/25,84,매매,34500,2220452133,"1층 아이들 키우기 좋은층 햇살 좋은 남향 ,관리잘된 주인집",22.06.20.,2022-06-20,"3억 4,500"
신정현대홈타운1단지,106동,23/25,59,매매,33000,2220444749,주차장연결동 작은방확장 부분수리된 깨끗한집 이사협의가,22.06.20.,2022-06-20,"3억 3,000"
동부,102동,14/20,59,매매,32500,2220452537,보일러교체.막힘없는 동향.로얄층,22.06.20.,2022-06-20,"3억 2,500"
신정현대홈타운4단지,404동,15/25,84,매매,48000,2220449136,거실 방확장 관리잘된 깨끗한집 이사협의가,22.06.20.,2022-06-20,"4억 8,000"
신정현대홈타운3단지,304동,21/25,81,매매,45500,2220441174,작은방확장 부분수리 관리잘된집 이사협의가,22.06.20.,2022-06-20,"4억 5,500"
현대3차,102동,8/13,59,매매,23500,2220430868,"투자추천,남향,깨끗함,전세1억8천안고매매 23년11월만기 학군,주거최고",22.06.20.,2022-06-20,"2억 3,500"
정일,1동,1/5,58,전세,12000,2220416707,편안한 1층. 화장실 깔끔. 전체적 깔끔. 가격협의.집보러 오세요.,22.06.20.,2022-06-20,"1억 2,000"
신정현대홈타운2단지,204동,16/25,59,전세,27000,2220435175,"수리된 깨끗한집,전망좋음,즉시입주가능,초등학교 근접동",22.06.20.,2022-06-20,"2억 7,000"
울산롯데캐슬골드1단지,115동,2/25,129,매매,74000,2220086766,사진첨부 피로티아이키우기 좋아요 거실방2확장 수리된집,22.06.18.,2022-06-20,"7억 4,000"
신정현대홈타운2단지,207동,1/25,114,전세,43000,2220435841,"올수리,초등학교근접동,주차편리 단지",22.06.20.,2022-06-20,"4억 3,000"
번영로하늘채센트럴파크,111동,14/27,59,전세,32000,2220217637,"에어컨2대,입주청소",22.06.20.,2022-06-20,"3억 2,000"
어울림,103동,15/23,59,매매,30000,2220431182,"추천,로얄층,깨끗함,욕실,싱크대인테리어,이사협의,학군,주거,교통편리,달동",22.06.20.,2022-06-20,3억
신정현대홈타운1단지,106동,9/25,59,전세,27000,2220434455,"남향,올수리,전망좋음,주차장연결동",22.06.20.,2022-06-20,"2억 7,000"
신정현대홈타운1단지,104동,25/25,84,매매,50000,2220412964,"남향,샤시포함올수리,전망좋음,주차연결동",22.06.20.,2022-06-20,5억
신정현대홈타운3단지,302동,20/25,59,전세,29000,2220436142,"내외부샤시교체,올수리,전망좋음",22.06.20.,2022-06-20,"2억 9,000"
달동주공2단지,202동,4/15,38,전세,11000,2220416972,올수리.공원 조망 좋고 햇살 좋아요,22.06.20.,2022-06-20,"1억 1,000"
번영로하늘채센트럴파크,104동,2/27,74,전세,34000,2220420932,조경관리 잘 된 필로티층 층간소음 걱정없는 필로티,22.06.20.,2022-06-20,"3억 4,000"
신정현대홈타운1단지,104동,6/25,84,전세,33000,2220434797,"남향,샤시포함올수리,전망좋음,주차좋은동",22.06.20.,2022-06-20,"3억 3,000"
신정현대홈타운2단지,204동,4/25,59,매매,34000,2220299350,올확장 샤시포함 올리모델링 내부깨끗 상태좋아요,22.06.18.,2022-06-20,"3억 4,000"
신성미소지움2단지,204동,5/23,84,전세,35000,2220430058,"급전세, 아늑한 정원뷰, 내부깨끗, 부분리모델링",22.06.20.,2022-06-20,"3억 5,000"
울산번영로두산위브,106동,1/27,84,매매,67000,2220396097,입주부터 집주인 거주한 깨끗한 1층입니다,22.06.18.,2022-06-20,"6억 7,000"
대공원아이파크1단지,101동,2/11,59,매매,41000,2220608448,앞동 남향 초중고근접  외부샤시등 부분수리된 저층입니다,22.06.20.,2022-06-20,"4억 1,000"
선암서광,106동,16/25,59,매매,18000,2220610321,올수리. 단지앞 초등학교위치.신혼부부추천,22.06.20.,2022-06-20,"1억 8,000"
무거청구맨션,102동,13/20,84,매매,29500,2220615688,탁트인조망권.거실확장등 올수리됨.가격조정가능함,22.06.20.,2022-06-20,"2억 9,500"
삼신현대,103동,11/15,70,매매,35000,2220624068,"쾌적한 주거입지, 거실확장",22.06.20.,2022-06-20,"3억 5,000"
동문아뮤티(주상복합),101동,24/33,135,매매,65000,2220599626,실입주 가능 주인거주 시스템5대 주차넉넉 깔끔한 집,22.06.20.,2022-06-20,"6억 5,000"
세양청구마을,112동,3/19,134,매매,53000,2220549400,샷시포함전체수리. 작은방확장. 8월말이사. 전망트임.,22.06.20.,2022-06-20,"5억 3,000"
옥동삼익,101동,17/20,84,매매,75000,2220562650,격동초 배정 올수리,22.06.20.,2022-06-20,"7억 5,000"
일동미라주,102동,3/15,84,매매,49000,2220565963,2년전 올리모델링 햇살좋은 예쁜남향집 초.중.고500m거리 학군매우좋음,22.06.20.,2022-06-20,"4억 9,000"
달동월드메르디앙,103동,4/13,84,매매,55000,2220571046,3년전 리모델링 컨디션좋음 강남초 후문연결 엘베주차장연결,22.06.20.,2022-06-20,"5억 5,000"
세양청구마을,110동,14/20,84,매매,34000,2220591446,oO전세안고 매매O투자용으로 추천O올수리O관리잘된 깨끗한집,22.06.20.,2022-06-20,"3억 4,000"
야음신선,102동,9/15,46,매매,16000,2220557587,보일러 도어락 교체 안방붙박이장 중문 베란다 확장 led등 끝집사생활보호,22.06.20.,2022-06-20,"1억 6,000"
무거한신휴플러스,105동,12/18,84,매매,74000,2220600855,"로얄동,화이트톤인테리어,전망우수",22.06.20.,2022-06-20,"7억 4,000"
울산센트럴자이(주상복합),102동,10/29,84,전세,40000,2220603625,귀한전세 방3 화장실2 깨끗하게 관리 잘되어 있는 아파트 입주청소완료,22.06.20.,2022-06-20,4억
평창현대3단지,606동,9/18,134,매매,63000,2220579845,남향 앞동 전망트임 내부수리 관리잘된 깨끗한 집,22.06.20.,2022-06-20,"6억 3,000"
울산신정푸르지오,105동,30/33,98,매매,90000,2220558037,앞동고층뷰최고 확장형부분수리 주인직접거주깨끗함 실입주가능 보시고결정하세요,22.06.20.,2022-06-20,9억
울산신정푸르지오,108동,23/32,71,매매,62000,2220558365,최근 화이트톤 올리모델링 넓은 동간거리 쾌적한 생활환경조율가능,22.06.20.,2022-06-20,"6억 2,000"
한라한솔타운,101동,1/20,84,매매,83000,2220603916,조정가 대공원앞남향 샤시 거실확장포함 전체수리된1층입니다,22.06.20.,2022-06-20,"8억 3,000"
울산번영로두산위브,107동,5/27,84,매매,83000,2220559911,정남향 거실안방시스템에어컨 조망트인집 즉시입주,22.06.20.,2022-06-20,"8억 3,000"
남산포스코더샵,102동,7/11,122,매매,65000,2220606328,남향  중간층 앞이 탁트인 조망권 관리 잘된 집  주차공간 넉넉 금액조절,22.06.20.,2022-06-20,"6억 5,000"
팔레드상떼(주상복합),파크동,9/32,159,매매,60000,2220554318,주인거주 컨디션좋음시스템에어컨5대 보일러 LED등 교체 생활인프라좋음,22.06.20.,2022-06-20,6억
대륙현대1차,102동,8/15,84,매매,49000,2220607268,옥동초앞 샤시교체등 내부 부분수리된 트인 중층입니다,22.06.20.,2022-06-20,"4억 9,000"
선경그린,101동,1/12,84,매매,26500,2220569089,샷시 보일러 붙박이장 포함 올리모델링 주인거주 컨디션좋음,22.06.20.,2022-06-20,"2억 6,500"
평창현대3단지,605동,5/18,164,매매,65000,2220580351,화이트톤 올수리 거실확장 전망트임 깨끗 입주협의,22.06.20.,2022-06-20,"6억 5,000"
일동미라주,102동,2/15,84,매매,47000,2220564841,실입주 화이트톤 올수리 동간거리넓어 일조량좋습니다  저층 애기키우기좋음,22.06.20.,2022-06-20,"4억 7,000"
대공원대명루첸,101동,16/24,83,매매,85000,2220496201,주인거주 깨끗하게 잘관리된집 선호하는동 컨디션 조망권 일조권좋음,22.06.20.,2022-06-20,"8억 5,000"
우방유화,1동,13/15,84,전세,28000,2220437714,"올수리,전망좋음,즉시입주가능",22.06.20.,2022-06-20,"2억 8,000"
수아지오시티(도시형),1동,9/9,30,매매,18000,2220462067,전세안고매매 남향 로얄층 방1.거실 풀옵션 주변 편의시설다양,22.06.20.,2022-06-20,"1억 8,000"
신성미소지움2단지,206동,23/23,84,매매,57000,2220420295,"조망일조권우수, 내부깨끗, 수암시장이용편리",22.06.19.,2022-06-20,"5억 7,000"
신성미소지움2단지,201동,16/20,119,매매,69000,2220420341,"조용한동, 내부깨끗, 조망일조권양호, 이사협의",22.06.19.,2022-06-20,"6억 9,000"
대공원현대,103동,2/14,84,매매,55000,2220459735,샷시포함 몇년전 올리모델링 된집 .대공원  전망이 좋은앞동,22.06.20.,2022-06-20,"5억 5,000"
울산신정푸르지오,108동,30/32,71,매매,59000,2220430961,"추천,급매,로얄층,깨끗함,층좋고,라인좋은집,이사협의,학군,주거,교통편리",22.06.20.,2022-06-20,"5억 9,000"
옥동현대,101동,7/20,72,전세,24000,2220503878,올수리첫입주 즉시입주가능 화이트톤 너무예쁜 올수리 ,22.06.20.,2022-06-20,"2억 4,000"
선암에코하이츠,105동,16/20,84,전세,35000,2220417981,"추천,전세,빠른입주가능,남동향,로얄층,깨끗함,실사진참조,주거,교통편리",22.06.20.,2022-06-20,"3억 5,000"
한라하이타운,101동,2/25,83,매매,22000,2220515113,급매추천 수리하기좋은기본 정남향 밝고 깔끔하게 관리된집 아이키우기좋은집,22.06.20.,2022-06-20,"2억 2,000"
울산대이즈플레이스(주상복합),1동,11/20,61,매매,31500,2220519602,"전면 가리는곳 없이 조망,채광 좋아요",22.06.20.,2022-06-20,"3억 1,500"
울산힐스테이트수암2단지,201동,7/16,84,전세,49000,2220508364,"남동향 시스템에어컨4대, 줄눈 깔끔한 내부 즉시입주 가능함",22.06.20.,2022-06-20,"4억 9,000"
굴화주공1단지,108동,5/18,59,매매,23000,2220415713,싱크대교체됨.초등학교인접.교통편리.접근성좋음.,22.06.19.,2022-06-20,"2억 3,000"
울산삼산푸르지오,104동,2/25,84,매매,47000,2220424398,급매밝고 환한집.작은방확장등 화이트톤으로 올수리,22.06.19.,2022-06-20,"4억 7,000"
대공원롯데인벤스가,103동,6/13,149,매매,150000,2220548921,빠른입주가능.대공원전망과 학군이 좋음.전세안고매매,22.06.20.,2022-06-20,15억
울산번영로두산위브,106동,16/27,84,매매,80000,2220445962,"직매물,로얄층, 정남향,집컨디션아주좋음 ,신선산조망, 학군우수.",22.06.20.,2022-06-20,8억
울산힐스테이트수암1단지,106동,8/28,84,매매,74000,2220513935,"남서향 ,시스템에어컨5대 판상형구조 깨끗하게 관리잘됨 이사협의",22.06.20.,2022-06-20,"7억 4,000"
신복현대,102동,6/22,59,전세,15000,2220415483,샷시제외 올수리됨.입주협의가능함.도배장판새로해줌.,22.06.20.,2022-06-20,"1억 5,000"
울산삼산푸르지오,104동,1/25,84,매매,45000,2220508687,"104동 아이키우기좋은집 거실확장 포함 부분수리, 초.중.고 5분거리",22.06.20.,2022-06-20,"4억 5,000"
선암에코하이츠,103동,20/20,59,매매,32000,2220431128,"추천,동향,탑층,즉시입주가능,깨끗함,뷰좋은곳,주거,교통편리,선암동",22.06.20.,2022-06-20,"3억 2,000"
울산문수로두산위브더제니스(주상복합),A동,19/37,84,전세,40000,2220397854,중고등학교 학군우수 옥동 학원가 이용 교통 편리,22.06.20.,2022-06-20,4억
대현더샵2단지,202동,24/31,84,전세,53000,2220139397,"강추,선호하는 남서a타입,로얄층,일조최상 수려한산조망,시스템에어컨2대중문",22.06.17.,2022-06-20,"5억 3,000"
울산센트럴자이(주상복합),101동,27/29,76,매매,56500,2220319527,급매물 올리모델링 되어있음 붙박이장 설치 최고의 조망권 로얄층,22.06.18.,2022-06-20,"5억 6,500"
대공원대명루첸,101동,7/24,83,매매,80000,2220259951,매매교환하실분 찾습니다,22.06.17.,2022-06-20,8억
울산힐스테이트수암1단지,104동,4/24,84,매매,75000,2220217282,시스템에어컨 중문 식기세척기설치 이사협의,22.06.17.,2022-06-20,"7억 5,000"
대현더샵2단지,208동,21/29,68,매매,69500,2219960481,"급매,최고로얄동,로얄층,엘베2대있는집,시원하게 트인조망,제일앞동,시원해요",22.06.17.,2022-06-20,"6억 9,500"
대현더샵2단지,203동,18/31,84,전세,55000,2220214604,"단지내 뷰 최상,층 완벽, 대현 더샵 2단지",22.06.17.,2022-06-20,"5억 5,000"
대현더샵2단지,205동,17/31,84,매매,87000,2219962167,"생활권편리한동,로얄층,반듯한4베이구조,시스템에어컨4대,중문,잔금여유있는집",22.06.17.,2022-06-20,"8억 7,000"
무거한신휴플러스,105동,14/18,84,전세,51000,2220148500,"선호동,로얄층 영구조망멋진집,협의입주가능",22.06.17.,2022-06-20,"5억 1,000"
세양청구마을,102동,8/23,84,전세,31000,2220141050,"2년전 내부수리,화장실,신발장,씽크대교체,입주청소완료",22.06.17.,2022-06-20,"3억 1,000"
굴화주공1단지,105동,14/20,59,매매,24000,2220415843,확트인조망권.가격조정가능함.초등학교인접.교통편리,22.06.18.,2022-06-20,"2억 4,000"
굴화주공1단지,109동,8/18,59,매매,24800,2220416595,남향.앞동으로 확트인조망권.부분수리됨.가격조정가능,22.06.18.,2022-06-20,"2억 4,800"
굴화주공2단지,204동,15/15,39,매매,15800,2220416563,남향.공시지가 1억이하.투자추천.실입주 즉시입주가능함,22.06.18.,2022-06-20,"1억 5,800"
굴화주공1단지,105동,11/20,59,매매,24000,2220416585,부분수리됨.상태깨끗함.가격조정가능함,22.06.18.,2022-06-20,"2억 4,000"
우방유화,5동,5/14,71,매매,23000,2220418007,"추천,급매,남향,앞동,즉시입주,기본집,학군,주거편리,교통편리",22.06.19.,2022-06-20,"2억 3,000"
굴화주공1단지,102동,15/15,59,매매,24000,2220415677,"중문설치.화장실,싱크대교체등 수리되어 상태깨끗함.",22.06.18.,2022-06-20,"2억 4,000"
어울림,102동,3/25,84,매매,40000,2220416892,"추천,남향,인테리어깔끔함,깨끗함,입주가능,이사협의,학군,주거,교통편리",22.06.18.,2022-06-20,4억
굴화주공1단지,101동,3/15,59,매매,24000,2220415575,남향.입구동으로 생활권편리.부분수리.가격조정가능함,22.06.18.,2022-06-20,"2억 4,000"
굴화주공1단지,111동,7/20,59,매매,23500,2220416612,"화장실,싱크대교체등 상태깨끗함.가격조정가능함",22.06.18.,2022-06-20,"2억 3,500"
굴화주공1단지,106동,1/20,59,매매,21000,2220415809,남향.거실확장등 수리됨.아이키우기좋은 1층.가격조정가능함,22.06.18.,2022-06-20,"2억 1,000"
번영로하늘채센트럴파크,106동,15/27,84,전세,34000,2220389937,판상형구조84B타입 옵션협의,22.06.18.,2022-06-20,"3억 4,000"
번영로하늘채센트럴파크,101동,16/27,84,전세,40000,2220390069,귀한 84A고층 남동향입니다.옵션협의,22.06.18.,2022-06-20,4억
수암타워,101동,5/12,76,매매,22900,2220385981,수암시장 수암초 중앙중학교인근 입주협의,22.06.18.,2022-06-20,"2억 2,900"
번영로하늘채센트럴파크,104동,5/27,74,전세,36000,2220389520,"단지뷰, 에어컨3대,중문,붙박이장 옵션",22.06.18.,2022-06-20,"3억 6,000"
신정현대홈타운3단지,303동,13/25,114,매매,60500,2220400422,전체 올수리 6년차 내부샷시포함 거실작은방확장 지하층연결동 서비스면적,22.06.18.,2022-06-20,6억 500
번영로하늘채센트럴파크,101동,6/27,74,전세,38000,2220389892,"단지뷰,에어컨3대,중문,코팅 옵션",22.06.18.,2022-06-20,"3억 8,000"
야음신선,101동,10/10,46,매매,14500,2220400951,급매. 깨끗.즉시입주.층간소음걱정 없어요,22.06.18.,2022-06-20,"1억 4,500"
대현더샵2단지,205동,12/31,84,매매,88000,2220399797,강추 에어컨4대 식기세척기 전체줄눈설치됨 하루종일 햇살좋은 남서방향입니다,22.06.18.,2022-06-20,"8억 8,000"
어울림,101동,9/25,74,전세,31000,2220396838,"추천,전세,남서향,거실,방확장,깨끗함,6월28일이후입주가능,학군,주거편리",22.06.18.,2022-06-20,"3억 1,000"
번영로하늘채센트럴파크,106동,18/27,84,전세,35000,2220389176,,22.06.18.,2022-06-20,"3억 5,000"
번영로하늘채센트럴파크,102동,2/27,74,전세,40000,2220390657,귀한 필로티전세 에어컨3대.중문.인덕션.나노코팅,22.06.18.,2022-06-20,4억
현대2차,202동,9/15,101,매매,55000,2220387869,"남향,올수리,샤시교체,작은방확장,로얄층,교통편리",22.06.18.,2022-06-20,"5억 5,000"
쌍용스윗닷홈,107동,4/12,75,매매,56000,2220387839,작은방 2확장외 부분수리 깔끔,22.06.18.,2022-06-20,"5억 6,000"
번영로하늘채센트럴파크,103동,17/27,74,월세,10000,2220389663,"금액 좋은 반전세 , 에어컨4대중문옵션선순위있음",22.06.18.,2022-06-20,1억
번영로하늘채센트럴파크,102동,4/27,84,전세,40000,2220388811,신축첫입주 포베이 시스템에어컨 중문 넓은드레스룸,22.06.18.,2022-06-20,4억
대현더샵2단지,205동,18/31,84,매매,90000,2220385920,THE샵.중문.줄눈.커뮤니티동.안방수납장이 넓어요.이사는 협의됩니다.,22.06.18.,2022-06-20,9억
대현더샵1단지,103동,13/23,68,매매,70000,2220386015,동선편리한 1단지. 쿡탑. 중문 이사는 조정가능합니다,22.06.18.,2022-06-20,7억
번영로하늘채센트럴파크,108동,8/27,74,전세,35000,2220387586,전세대출가능 남동향 개방감좋은구조 엘베2대 에어컨협의가능,22.06.18.,2022-06-20,"3억 5,000"
번영로하늘채센트럴파크,102동,3/27,84,전세,38000,2220390549,선호도 높은 84A타입 최저가전세,22.06.18.,2022-06-20,"3억 8,000"
대현더샵1단지,103동,4/23,68,월세,5000,2220385358,"즉시입주가능,입주청소완료,양창구조",22.06.18.,2022-06-20,"5,000"
울산번영로두산위브,105동,24/24,84,매매,80000,2220383208,정남향.판상형.탑층.리모델링되어 집내부 깔끔해요.,22.06.18.,2022-06-20,8억
선경그린,102동,10/12,59,매매,21000,2220384427,가격조율가능합니다. 입주시기조율가 남향 층좋음,22.06.18.,2022-06-20,"2억 1,000"
울산힐스테이트수암1단지,103동,25/26,84,매매,83000,2220385151,힐스매매 빠른입주가능 로얄층 힐스사랑,22.06.18.,2022-06-20,"8억 3,000"
야음신선,102동,12/15,46,매매,14500,2220357798,착한매도가 즉시입주 수리되어있는 집 일조권우수 투자추천,22.06.18.,2022-06-20,"1억 4,500"
울산롯데캐슬골드1단지,103동,1/25,116,매매,59800,2220354442,"급매,필로티 1층, 깔끔하고 거실뷰좋아요. 입주협의가능해요",22.06.18.,2022-06-20,"5억 9,800"
번영로코아루더클래식(주상복합),101동,28/32,81,전세,39000,2220378316,즉시입주가능 확트인 시티뷰로 전망도 좋고 따뜻하고 밝아요,22.06.18.,2022-06-20,"3억 9,000"
울산롯데캐슬골드2단지,212동,6/23,157,매매,86000,2220360917,"직매물,최고인기동, 신선산 조망이 너무 좋은집,",22.06.18.,2022-06-20,"8억 6,000"
대현더샵2단지,206동,3/18,84,매매,83000,2220382919,"인기좋은C타입,시스템에어컨4대,중문,탄성시공,복도간접등,이사협의가능",22.06.18.,2022-06-20,"8억 3,000"
울산신정동양우내안애팰리스(주상복합),1동,14/20,84,매매,47000,2220374294,급매 실입주 중문 남향 양면창 시원한구조 거실넓고 팬트리있어 수납좋음,22.06.18.,2022-06-20,"4억 7,000"
영보가든,1동,10/15,84,매매,22000,2220384232,샤시포함일부수리됨 상태좋음 시장학교생활권좋음 빠른입주가능,22.06.18.,2022-06-20,"2억 2,000"
울산롯데캐슬골드2단지,212동,21/23,157,매매,89000,2220361861,"조율가능,사진첨부,전망,일조권 최상,앞,뒤 트임,부분수리,빠른입주가능",22.06.18.,2022-06-20,"8억 9,000"
청구하이츠,1동,5/15,84,매매,20500,2220374342,,22.06.18.,2022-06-20,2억 500
대현더샵2단지,205동,27/31,84,매매,98000,2220368700,시스템에어컨2대 중문 인덕션 안전방충망 열차단필름,22.06.18.,2022-06-20,"9억 8,000"
대현더샵2단지,203동,24/31,84,매매,95000,2220357486,THE샵.신선산 시원한 조망.시스템에어컨2대.중문.인덕션.이사는협의가능,22.06.18.,2022-06-20,"9억 5,000"
울산신정동양우내안애팰리스(주상복합),1동,6/20,82,전세,30000,2220374094,"에어컨 거실,안방 설치되어있음 신정초인근 전세자금대출 생활권편리",22.06.18.,2022-06-20,3억
에덴,1동,5/5,45,매매,10000,2220377331,외부샤시교체 올리모델링 즉시입주됨  세관공원바로앞쾌적하고 위치좋은집,22.06.18.,2022-06-20,1억
대현더샵2단지,202동,13/31,84,매매,89000,2220368913,트인조망 중문 줄눈 탄성,22.06.18.,2022-06-20,"8억 9,000"
대현,1동,1/4,59,전세,15000,2220355465,,22.06.18.,2022-06-20,"1억 5,000"
문수로2차아이파크2단지,203동,2/24,84,월세,40000,2220363531,편안한 조망의 저층 상가 편의시설 이용편리동 신정초가까워요 빠른입주가능,22.06.18.,2022-06-20,4억
신정현대홈타운1단지,102동,3/25,59,매매,31000,2220363189,즉시입주가능.잔금전수리가능.앞동거실뷰환함,22.06.18.,2022-06-20,"3억 1,000"
옥동롯데인벤스로얄,103동,9/10,84,매매,93000,2220343414,"남향, 전망확트이고 아주 깔끔한 로얄층, 실거주, 전세안고 모두 가능",22.06.18.,2022-06-20,"9억 3,000"
옥동롯데인벤스로얄,101동,18/21,84,매매,94000,2220335020,최근 주방 문 욕실등 전체확장 올수리 남향로얄층 빠른입주,22.06.18.,2022-06-20,"9억 4,000"
신정지웰(주상복합),101동,8/29,84,매매,48000,2220344563,정남향 채광좋은 아파트 세입자안고 매매,22.06.18.,2022-06-20,"4억 8,000"
울산롯데캐슬골드2단지,206동,4/24,84,매매,53000,2220349110,"깔끔하고 관리잘된집, 조용하고 주차좋은동,이사협의가능,",22.06.18.,2022-06-20,"5억 3,000"
신성미소지움2단지,210동,10/20,84,매매,60000,2220341780,"부분리모델링, 내부깨끗, 조망권양호, 이사협의",22.06.18.,2022-06-20,6억
성도,1동,17/25,84,매매,45000,2220353812,"즉시입주가능, 남향 고층 앞트인전망",22.06.18.,2022-06-20,"4억 5,000"
울산롯데캐슬골드1단지,113동,12/25,84,매매,55800,2220351646,"급매,남향, 로얄층, 기본깔끔하고 이사맞춰드려요",22.06.18.,2022-06-20,"5억 5,800"
옥동현대,102동,2/19,72,전세,30000,2220347907,수년전 내부수리. 깨끗하고 햇살좋은 남향. 이사협의,22.06.18.,2022-06-20,3억
무거위브자이,103동,25/25,120,매매,75000,2220343728,급매 전세안고 매매 일조권 전망탁월 최상층,22.06.18.,2022-06-20,"7억 5,000"
달동SK뷰,105동,5/12,59,전세,28000,2220337174,"수리됨,깨끗,전망좋아요",22.06.18.,2022-06-20,"2억 8,000"
무거위브자이,105동,20/23,84,전세,50000,2220347046,로열층 일조권좋으며 깨끗하게 관리되었어요,22.06.18.,2022-06-20,5억
울산롯데캐슬골드1단지,108동,7/25,84,매매,53000,2220353124,"단독직매물, 아주 깔금한 기본, 정원뷰 좋아요. 이사협의 가능합니다.",22.06.18.,2022-06-20,"5억 3,000"
무거위브자이,105동,20/23,84,월세,34000,2220345555,4억30가능 로열층. 일조권좋으며 깨끗합니다,22.06.18.,2022-06-20,"3억 4,000"
무거위브자이,103동,14/25,119,매매,80000,2220346381,급매.급매.남향 판상형 로열층 일조권좋으며 조용하고 살기좋은곳,22.06.18.,2022-06-20,8억
달동SK뷰,101동,13/18,76,매매,44000,2220335510,"남향,올수리,로얄층,앞동이라전망좋아요,주차창좋요",22.06.18.,2022-06-20,"4억 4,000"
울산롯데캐슬골드2단지,203동,5/20,116,매매,63000,2220346742,"급매,급매,  남향, 착한매물, 깔끔하고 관리잘됨",22.06.18.,2022-06-20,"6억 3,000"
울산롯데캐슬골드1단지,110동,14/19,74,매매,48000,2220350591,"전망좋은집, 깔끔하고 관리잘됨, 9월초이사",22.06.18.,2022-06-20,"4억 8,000"
쌍용스윗닷홈,108동,13/13,84,전세,43000,2220350967,"귀한전세, 관리잘되어 있는 집, 일조권우수, 이사협의",22.06.18.,2022-06-20,"4억 3,000"
동부,204동,20/20,59,매매,31500,2220351654,"층간소음걱정없는 탑층, 씽크대 화장실 수리, 트인전망으로 선호동",22.06.18.,2022-06-20,"3억 1,500"
옥동현대,102동,1/19,72,매매,32000,2220344135,수년전 내부올수리되어 깨끗하고 햇살좋은 남향.,22.06.18.,2022-06-20,"3억 2,000"
신성미소지움2단지,207동,7/25,84,매매,59000,2220318719,"거실확장, 부분리모델링, 내부깨끗, 조망일조권우수",22.06.18.,2022-06-20,"5억 9,000"
번영로하늘채센트럴파크,108동,26/27,74,전세,35000,2220323999,신축첫입주 신축전세 야음동랜드마크,22.06.18.,2022-06-20,"3억 5,000"
번영로하늘채센트럴파크,102동,19/27,84,전세,40000,2220327921,신축첫입주 신축전세 야음동랜드마크,22.06.18.,2022-06-20,4억
세양청구마을,105동,8/23,59,매매,26000,2220319803,"전세안고매매,샤시제외,작은방확장등 내부올수리23.10말입주",22.06.18.,2022-06-20,"2억 6,000"
성도,1동,5/25,84,매매,45000,2220333946,샤시 배관포함 올수리 거실 작은방확장 남향 빠른입주,22.06.18.,2022-06-20,"4억 5,000"
번영로하늘채센트럴파크,105동,4/27,84,전세,40000,2220328887,신축첫입주 신축전세 야음동랜드마크,22.06.18.,2022-06-20,4억
신정현대홈타운3단지,303동,15/25,84,매매,49000,2220316832,"남향,샤시포함올수리,전망좋음",22.06.18.,2022-06-20,"4억 9,000"
세양청구마을,102동,18/23,84,매매,35500,2220319487,내부샤시교체등올수리,22.06.18.,2022-06-20,"3억 5,500"
신성미소지움1단지,106동,5/25,135,매매,83000,2220317499,"남향, 마루교체, 씽크대교체, 내부깨끗, 일조권우수",22.06.18.,2022-06-20,"8억 3,000"
신성미소지움2단지,207동,17/25,84,매매,62000,2220318836,"남향, 방확장, 부분리모델링, 내부깨끗, 일조권우수",22.06.18.,2022-06-20,"6억 2,000"
번영로하늘채센트럴파크,104동,11/27,84,전세,40000,2220332405,신축첫입주 신축전세 야음동랜드마크,22.06.18.,2022-06-20,4억
번영로하늘채센트럴파크,108동,26/27,74,월세,20000,2220324338,신축첫입주 신축전세 야음동랜드마크,22.06.18.,2022-06-20,2억
신정현대홈타운3단지,301동,25/25,84,매매,46000,2220316609,"남향,전망좋음",22.06.18.,2022-06-20,"4억 6,000"
선암에코하이츠,102동,2/20,59,매매,29500,2220312284,"필로티층으로 자녀키우기 좋아요, 방3개,욕실2개,거실넓은타워형구조",22.06.18.,2022-06-20,"2억 9,500"
풍진힐그린타운(주상복합),1동,13/14,84,매매,36000,2220333923,"신정시장중앙로, 생활교통 인프라 최고, 남향 햇살가득 통풍채광 굿.",22.06.18.,2022-06-20,"3억 6,000"
신성미소지움2단지,208동,5/17,119,매매,81500,2220319172,"남향, 방4개, 부분리모델링, 내부깨끗, 조망일조권우수",22.06.18.,2022-06-20,"8억 1,500"
신성미소지움2단지,204동,5/23,84,매매,55000,2220317680,"착한가격, 아늑한 정원뷰, 내부깨끗, 부분리모델링",22.06.18.,2022-06-20,"5억 5,000"
신정현대홈타운2단지,204동,24/25,84,매매,43200,2220316374,"남향.전망좋음,초등학교근접동",22.06.18.,2022-06-20,"4억 3,200"
무거위브자이,103동,23/25,119,전세,58000,2220331865,3bay구조.판상형.교통과 생활권이 편함.,22.06.18.,2022-06-20,"5억 8,000"
번영로하늘채센트럴파크,104동,11/27,84,월세,28000,2220333139,신축첫입주 신축전세 야음동랜드마크,22.06.18.,2022-06-20,"2억 8,000"
대공원코아루파크베르(주상복합),1동,20/29,73,매매,58000,2220254110,"교통,학군좋음대공원인접",22.06.17.,2022-06-20,"5억 8,000"
울산힐스테이트수암1단지,105동,8/27,84,매매,76000,2219940061,직매물 로얄동 시스템에어컨4대 전망 좋은 동 즉시입주 가능,22.06.16.,2022-06-20,"7억 6,000"
울산옥현주공1단지,106동,4/20,59,매매,27200,2219989128,즉시입주 정원같은 전망 씽크대교체 화장실수리등등 수리되어 깔끔.,22.06.16.,2022-06-20,"2억 7,200"
대현더샵2단지,201동,8/25,84,매매,80000,2219960202,"급매,강력추천양창구조로 거실넓어요,풀옵션으로 인테리어되어 예쁜집,관리최상",22.06.16.,2022-06-20,8억
울산번영로두산위브,105동,3/24,84,매매,76000,2220296587,"햇살좋은남향, 탁트인단지조망, 시스템에어컨 빌트인냉장고 풀옵션",22.06.18.,2022-06-20,"7억 6,000"
대현더샵1단지,103동,14/23,68,매매,70000,2220127339,"풀옵션,붙박이장등 집보면 반해요",22.06.16.,2022-06-20,7억
신정현대홈타운2단지,205동,1/25,59,매매,33000,2220302507,남향 올확장 아이들 키우기 좋아요,22.06.18.,2022-06-20,"3억 3,000"
남운그린힐,1동,10/15,56,매매,10900,2220036717,수리상태좋은전세7500안고매매임차인영장23317일까지입니다.,22.06.16.,2022-06-20,1억 900
울산롯데캐슬골드1단지,106동,6/24,157,매매,70000,2220052285,,22.06.16.,2022-06-20,7억
도성타운,15동,12/15,60,월세,2000,2219915023,남향 확 트인 전망 샤시포함 올수리 풀옵션,22.06.16.,2022-06-20,"2,000"
옥현으뜸마을주공3단지,314동,7/20,59,전세,28000,2220031118,"올리모델링깔끔,안방붙박이장설치 남향,로얄층 멋진단지뷰 신혼강추",22.06.16.,2022-06-20,"2억 8,000"
무거현대,103동,18/18,74,매매,23000,2220036381,"뷰가멋진남향탑층,빠른입주가능,붙박이설치,관리최상인집,신복초도보10분이내",22.06.16.,2022-06-20,"2억 3,000"
무거한신휴플러스,105동,7/18,84,매매,74000,2219989254,전망좋은 선호동 선호라인 거실과 안방 시스템에어컨 설치,22.06.16.,2022-06-20,"7억 4,000"
번영로코아루더클래식(주상복합),101동,17/32,84,매매,57000,2220381378,"준신축,양창형,에어컨,식기세척기,인덕션등설치,금액조정가능",22.06.18.,2022-06-20,"5억 7,000"
신정현대홈타운4단지,403동,14/25,59,매매,35000,2220383353,"부분수리되어깨끗함,이사는10월초협의가능,남향로얄층",22.06.18.,2022-06-20,"3억 5,000"
신정협성휴포레(주상복합),1동,13/15,84,매매,47000,2220401919,신정초인근 조망권 최고 로얄층 실입주가능,22.06.18.,2022-06-20,"4억 7,000"
청실,1동,4/5,67,매매,45000,2220388058,샤시포함수리되어 깨끗.,22.06.18.,2022-06-20,"4억 5,000"
울산힐스테이트수암1단지,105동,18/27,84,전세,50000,2220383502,남동향B타입으로 에어컨5대.풀옵션입니다.이사는 맞춰드림니다.,22.06.18.,2022-06-20,5억
울산힐스테이트수암1단지,106동,6/28,84,매매,72000,2220378527,"시스템에어컨5대,각방붙방이장,중문,이사조정가능합니다",22.06.18.,2022-06-20,"7억 2,000"
동서4차,1동,13/15,59,매매,27000,2220402347,"햇살가득남향,샷시,보일러까지 모두 리모델링한집,즉시입주가능",22.06.18.,2022-06-20,"2억 7,000"
세림벽산강변타운,101동,20/25,74,매매,31500,2220301685,"삼산동뷰가 앞뒤로 확트인 집,방1확장,상태최상,초,중,고가 도보3분내",22.06.17.,2022-06-20,"3억 1,500"
울산삼산푸르지오,102동,14/17,84,매매,53000,2220298942,확트인 전망.일조권 좋은 선호동.로얄층입니다.입주 가능해요.,22.06.17.,2022-06-20,"5억 3,000"
세림벽산강변타운,101동,2/25,59,매매,25000,2220302334,"2년전 외부샷시포함 올확장,올수리된 예쁜집.신혼부부강추,전세안고매매",22.06.17.,2022-06-20,"2억 5,000"
삼산현대,103동,10/13,84,매매,63500,2220309632,"103동 10층 샤시포함올리모델링, 조망굿, 일조건굿, 초교5분거리",22.06.17.,2022-06-20,"6억 3,500"
달동현대(100동),100동,13/15,84,매매,36000,2220282687,6월입주가능.로얄층.중간라인.샤사포함수리됨. 조율가능합니다,22.06.17.,2022-06-20,"3억 6,000"
신정현대홈타운3단지,303동,8/25,84,전세,39000,2220286877,남향 샤시포함특올수리 수리비만4천만원들임 첫입주 주차장연결동 즉시입주가,22.06.17.,2022-06-20,"3억 9,000"
세림벽산강변타운,102동,2/18,84,매매,34000,2220297911,초.중.고 도보 5분. 저층 선호하시는분 .22년 6월입주가능해요.,22.06.17.,2022-06-20,"3억 4,000"
우성,102동,3/14,84,매매,39500,2220309997,샤시포함올리모델링 고급방범창시공 입주.가격협의 인근초교 복지관5분거리,22.06.17.,2022-06-20,"3억 9,500"
강변센트럴하이츠,106동,2/15,138,매매,85000,2220372063,oO급매 시세대비 저렴 O태화강변O남향O거실 부엌 넓고 조망예쁨,22.06.18.,2022-06-20,"8억 5,000"
세림벽산강변타운,104동,6/17,84,매매,42500,2220297343,22년 12월이후 입주가능하며 올확장. 막힘없는 라인입니다.,22.06.17.,2022-06-20,"4억 2,500"
울산힐스테이트수암1단지,105동,26/27,84,매매,80000,2220284531,"중문, 줄눈, 조망 및 일조권 좋아요",22.06.17.,2022-06-20,8억
신정현대홈타운2단지,206동,11/25,81,전세,28000,2220288451,급전세 관리잘된집 학교. 마트 재래시장인접 생활권편리해요,22.06.17.,2022-06-20,"2억 8,000"
성도,1동,9/25,84,매매,39500,2220281018,즉입 샤시및거실확장등 내부올수리한 전망트인 로얄층입니다,22.06.17.,2022-06-20,"3억 9,500"
번영로하늘채센트럴파크,105동,26/27,84,전세,38000,2220280301,"신축첫입주, 남서향으로  일조 조망 우수, 에어컨,중문설치예정",22.06.17.,2022-06-20,"3억 8,000"
평창현대2단지,504동,3/15,124,매매,52000,2220284359,이사협의.3층.부분수리.조율가능합니다,22.06.17.,2022-06-20,"5억 2,000"
울산힐스테이트수암1단지,109동,9/14,84,매매,77000,2220281354,저렴한 가격. 햇볕 잘 드는 남향. 수암초 중앙중 수암시장 가까운 위치.,22.06.17.,2022-06-20,"7억 7,000"
상아타워,1동,14/15,82,매매,33000,2220376778,oO급매O즉시입주가능O남향O샷시포함 올수리O전망좋은 고층O학군좋은 옥동,22.06.18.,2022-06-20,"3억 3,000"
신성미소지움2단지,206동,6/23,59,매매,45000,2220297756,햇살 좋은 남서향 집상태 깨끗,22.06.17.,2022-06-20,"4억 5,000"
신성미소지움2단지,204동,21/23,84,매매,61000,2220298679,선호동 막힘없는 트인전망 내부깨끗 일조굿,22.06.17.,2022-06-20,"6억 1,000"
신정현대홈타운3단지,302동,1/25,59,매매,35000,2220290869,내부 올 리모델링 2년 경과됨,22.06.17.,2022-06-20,"3억 5,000"
옥서홈타운,1동,8/15,59,매매,33000,2220279779,전세안고매매 남향 도로인근 위치 외부샷시제외 수리,22.06.17.,2022-06-20,"3억 3,000"
번영로하늘채센트럴파크,106동,11/27,84,전세,35000,2220279397,"확트인 남동향, 에4, 중문, 인덕션 옵션 많은집",22.06.17.,2022-06-20,"3억 5,000"
달동주공1단지,110동,10/15,58,전세,23000,2220273053,"추천,전세,앞동,남향,즉시입주,부분인테리어,깨끗함,선호하는동,교통편리",22.06.17.,2022-06-20,"2억 3,000"
대현디아채,102동,10/15,84,매매,54000,2220273989,"정남향,확장형리모델링",22.06.17.,2022-06-20,"5억 4,000"
대륙현대1차,102동,12/15,84,월세,3000,2220273131,102동 로얄층 탁트인전망 옥동초앞  올수리후  첫입주 ,22.06.17.,2022-06-20,"3,000"
신정현대홈타운2단지,204동,10/25,84,매매,45000,2220269493,방확장  부분수리  일조 아주 좋은집,22.06.17.,2022-06-20,"4억 5,000"
신정현대홈타운2단지,203동,15/25,84,매매,43000,2220270954,올수리 주차연결동,22.06.17.,2022-06-20,"4억 3,000"
옥동현대,102동,10/19,72,매매,34500,2220277749,102동 남향 샤시및싱크욕실포함 전체수리된 로얄층입니다,22.06.17.,2022-06-20,"3억 4,500"
어울림,103동,17/23,59,전세,26000,2220273391,"추천,전세,로얄층,깨끗함,입주가능,이사협의,학군,주거편리,교통편리,달동",22.06.17.,2022-06-20,"2억 6,000"
울산달동우방맨션,1동,6/25,43,전세,13000,2220273145,"추천,전세,즉시입주가능,내부샷시수리,깨끗함,실사진참조,학군,주거편리,달동",22.06.17.,2022-06-20,"1억 3,000"
쌍용스윗닷홈,108동,3/13,84,매매,61000,2220277224,"최근 올수리,일조권좋고 틔인조망뷰, 중간라인, 입주맞춰드립니다.",22.06.17.,2022-06-20,"6억 1,000"
동서4차,1동,14/15,67,매매,26000,2220277066,"추천,전세,즉시입주가능,실사진참조,샷시제외인테리어,깨끗함,층좋고라인좋은집",22.06.17.,2022-06-20,"2억 6,000"
쌍용스윗닷홈,105동,5/13,84,매매,64000,2220273303,"예쁘게올수리,방1확장,보시고 결정하세요.",22.06.17.,2022-06-20,"6억 4,000"
울산달동우방맨션,1동,6/25,43,매매,15200,2220276974,"추천,전세가능,입주청소예정,남향,즉시입주가능,실사진참조,달동",22.06.17.,2022-06-20,"1억 5,200"
신정현대홈타운1단지,105동,8/25,81,매매,39500,2220276785,"추천,남향,내부샷시인테리어,거실,작은방확장,지하주차장연결동,학군,주거편리",22.06.17.,2022-06-20,"3억 9,500"
옥동현대,103동,2/20,84,매매,37000,2220269535,신정중앞대단지 화이트올리모델링된 남향입니다,22.06.17.,2022-06-20,"3억 7,000"
서강파크3차,D동,18/18,84,매매,37000,2220276330,"전체 샷시교체 즉시입주가능 앞,뒤 확 트인 탑층",22.06.17.,2022-06-20,"3억 7,000"
어울림,103동,7/23,59,매매,30000,2220273309,"추천,동향,가격좋은집,깨끗함,입주가능,이사협의,학군,주거,교통편리,달동",22.06.17.,2022-06-20,3억
선암에코하이츠,102동,10/20,59,매매,30000,2220274762,"타워형구조,방3개,욕실2개,조망좋은집,빠른입주가능,이사조절가능",22.06.17.,2022-06-20,3억
달동신한,1동,10/10,31,매매,8000,2220274203,"추천,남향,수리됨,깨끗함,이사협의,입주가능,주거편리,교통편리,달동",22.06.17.,2022-06-20,"8,000"
평창현대2단지,504동,1/15,124,매매,46000,2220243382,,22.06.17.,2022-06-20,"4억 6,000"
한라훼미리,202동,7/15,82,매매,24000,2220266194,주인거주깨끗.남향로얄층 일조좋아요,22.06.17.,2022-06-20,"2억 4,000"
삼산선경,3동,1/24,84,매매,34000,2220252706,이사협의.아이들키우기좋은1층.내부올수리.집깨끗.조율가능합니다,22.06.17.,2022-06-20,"3억 4,000"
문수로아이파크2단지,202동,1/22,84,매매,90000,2220252333,층간소음 걱정없음 1층으로 햇살도 좋아요,22.06.17.,2022-06-20,9억
신정현대홈타운2단지,204동,12/25,84,매매,42500,2220260086,"남향,급매,관리잘된 깨끗한집,전망좋음",22.06.17.,2022-06-20,"4억 2,500"
울산삼산푸르지오,102동,4/17,84,매매,49500,2220259356,"급매앞동남향,내부상태깨끗,하루종일 햇살이 가득한집",22.06.17.,2022-06-20,"4억 9,500"
삼산현대,101동,11/13,84,전세,35000,2220251265,즉시입주가능.확틘조망.샤시포함 화이트톤의 올수리.집깨끗합니다,22.06.17.,2022-06-20,"3억 5,000"
신성미소지움2단지,208동,1/17,84,매매,60000,2220256410,"정남향, 일조권우수, 아이들키우기좋은1층, 전세안고매매",22.06.17.,2022-06-20,6억
평창현대2단지,502동,7/20,54,매매,26000,2220242220,502동 남향 올수리 집깨끗합니다,22.06.17.,2022-06-20,"2억 6,000"
한화꿈에그린2단지,204동,16/20,84,매매,55500,2220255088,맨앞동 울산대교전망 전체확장 관리잘된깨끗한집 빠른입주도가능,22.06.17.,2022-06-20,"5억 5,500"
울산번영로두산위브,101동,5/20,84,매매,74000,2220245869,"광장조망,남동남서향,투인원에어컨,싱크대확장,중문,부분수리,조정가능",22.06.17.,2022-06-20,"7억 4,000"
평창현대2단지,501동,2/20,54,매매,24000,2220241946,501동 남향입니다,22.06.17.,2022-06-20,"2억 4,000"
울산신정푸르지오,111동,27/31,84,매매,64000,2220236889,남향 급매. 협의 가능한 깨끗한 집입니다.,22.06.17.,2022-06-20,"6억 4,000"
번영로하늘채센트럴파크,103동,19/27,74,전세,38000,2220243474,"확트인 뷰, 에어컨4대, 빠른입주 가능",22.06.17.,2022-06-20,"3억 8,000"
울산힐스테이트수암1단지,103동,16/26,84,매매,85000,2220251802,입주협의가능.깨끗합니다.,22.06.17.,2022-06-20,"8억 5,000"
울산힐스테이트수암1단지,106동,19/28,114,매매,125000,2220258229,"탁트인조망, 에어컨3대,6월입주가능",22.06.17.,2022-06-20,"12억 5,000"
울산신정푸르지오,108동,11/32,71,매매,58000,2220237246,깨끗하게 관리된 기본집입니다.,22.06.17.,2022-06-20,"5억 8,000"
세양청구마을,110동,20/20,84,매매,34000,2220252559,"거실확장,입구방샤시교체,작은방확장등올수리",22.06.17.,2022-06-20,"3억 4,000"
옥서홈타운,1동,15/15,59,매매,34000,2220256811,전세안고 매매 남향 로얄층 전체 올수리된 깨끗한집 투자가치 good,22.06.17.,2022-06-20,"3억 4,000"
옥동삼익,102동,8/20,59,매매,50000,2220244400,"남향, 햇빛 잘들고 숲전망 예쁜집, 옥동 학교 학원가 대공원 도보가능",22.06.17.,2022-06-20,5억
울산번영로두산위브,108동,18/27,84,매매,80000,2220224563,"인기동, 햇살좋은남향, 탁트인조망, 집상태최고, 에어컨2대",22.06.17.,2022-06-20,8억
신정롯데캐슬킹덤,103동,9/24,185,매매,160000,2220220536,"103동1호라인,공원조망. 이사협의가능합니다.",22.06.17.,2022-06-20,16억
울산롯데캐슬골드1단지,113동,20/25,84,매매,61000,2220206672,직매물.조율가능.집깨끗남향선호동선호층화장실수리led등중문,22.06.17.,2022-06-20,"6억 1,000"
신선산휴먼빌,101동,13/18,73,매매,33000,2220226637,"정남향,로얄층,거실확장,앞트인전망권,선호도최고높은맨앞동입니다",22.06.17.,2022-06-20,"3억 3,000"
고려청구파크,1동,12/15,84,매매,31000,2220199988,남향 로얄층 집상태 보통 입주협의,22.06.17.,2022-06-20,"3억 1,000"
굴화주공1단지,107동,7/20,59,전세,20000,2220201504,수리되어 씽크대 화장실교체 상태깨끗함,22.06.17.,2022-06-20,2억
신정현대홈타운2단지,208동,14/17,59,매매,32000,2220232594,급매 남서향 로얄층 기본형 즉시입주,22.06.17.,2022-06-20,"3억 2,000"
상개목화,101동,7/15,48,매매,9500,2220227930,"동향,로얄층,화장실수리,씽크대교체,주차편리합니다",22.06.17.,2022-06-20,"9,500"
울산롯데캐슬골드2단지,206동,15/24,84,매매,56000,2220212713,직매물.거실및방3올확장수리.일조좋음.뒷쪽산조망막힘없음입주맞혀드림,22.06.17.,2022-06-20,"5억 6,000"
아데라움,102동,19/20,116,매매,65000,2220191762,"확트인전망, 부분수리, 조절가능",22.06.17.,2022-06-20,"6억 5,000"
아데라움,101동,5/20,116,매매,65000,2220194339,"8년전화이트올수리, 내부깨끗, 입주는 협의가능",22.06.17.,2022-06-20,"6억 5,000"
신정현대홈타운4단지,404동,1/25,84,매매,53000,2220206367,"거실확장, 부분수리되어 있음, 아이 키우기 최적합",22.06.17.,2022-06-20,"5억 3,000"
울산번영로두산위브,102동,6/24,84,매매,78000,2220225338,정남향인기동 단지조망좋은 관리잘된집,22.06.17.,2022-06-20,"7억 8,000"
울산번영로두산위브,106동,21/27,84,전세,40000,2220215257,"트인남동향,풀시스템에어컨,빌트인냉장고 옵션,입주협의가능",22.06.17.,2022-06-20,4억
신선산휴먼빌,101동,1/18,84,매매,32500,2220227723,"정남향,선호도높은앞동,부분수리,일층,어린자녀있는분추천드려요",22.06.17.,2022-06-20,"3억 2,500"
신정현대홈타운2단지,207동,10/25,114,매매,53000,2220197805,"수리되어 깔끔하고 밝은집, 이사는 협의가능해요.",22.06.17.,2022-06-20,"5억 3,000"
쌍용스윗닷홈,201동,12/12,84,매매,59000,2220212901,"현재 올리모델링 완료, 전세안고 매매, 조용한 탑층",22.06.17.,2022-06-20,"5억 9,000"
쌍용스윗닷홈,101동,1/15,84,매매,62000,2220212488,"가격조절가능, 방1확장,부분수리,아이키우기도 생활하기도 편리한 1층,남향",22.06.17.,2022-06-20,"6억 2,000"
신정현대홈타운4단지,402동,6/25,81,매매,45000,2220211010,"막힘이 없어 일조량 최상, 주차연결동.",22.06.17.,2022-06-20,"4억 5,000"
대현더샵2단지,202동,31/31,121,매매,150000,2220221579,펜트하우스 옵션풀 고급사양테라스어닝 매도인전세거주가능,22.06.17.,2022-06-20,15억
선암에코하이츠,105동,5/20,84,매매,46000,2220165833,"방3개,욕실2개,붙박이장2개,화장대,드레스룸,펜트리,중문,도배새로함.",22.06.17.,2022-06-20,"4억 6,000"
야음신선,101동,10/10,46,월세,1000,2220186984,귀한월세 최상층 층간소음없음 부분수리되어 깔끔 즉시입주,22.06.17.,2022-06-20,"1,000"
아데라움,108동,12/20,84,매매,59000,2220187509,"맨앞동, 9년전 올수리, 올확장, 내부아주깨끗함led등. 고급벽타일",22.06.17.,2022-06-20,"5억 9,000"
한양코아,101동,12/15,84,매매,53000,2220162969,"샷시교체  내부 부분수리 실입주가능,군부대 이전 호재",22.06.17.,2022-06-20,"5억 3,000"
신정현대홈타운1단지,106동,22/25,84,매매,44000,2220175561,방확장 올수리 주차장연결동 일조좋은 남향 이사협의가,22.06.17.,2022-06-20,"4억 4,000"
동부,101동,13/20,59,매매,35000,2220188241,남향 로얄층 부분수리 10월이사협의가능 안라인 귀한매물,22.06.17.,2022-06-20,"3억 5,000"
신성미소지움1단지,106동,23/25,135,매매,85000,2220163224,"남향, 부분리모델링, 조망일조권최상",22.06.17.,2022-06-20,"8억 5,000"
신정현대홈타운2단지,206동,22/25,81,매매,43000,2220177485,거실확장  깨끗하고 올수리된집 빠른입주가,22.06.17.,2022-06-20,"4억 3,000"
옥동현대,102동,16/19,84,매매,45000,2220165930,"샷시포함 확장 화이트 올리모델링된 집, 로얄층 햇살 좋은남향",22.06.17.,2022-06-20,"4억 5,000"
대현더샵2단지,205동,28/31,84,매매,93000,2220174821,더.샵부동산. 선호하는 4bay 햇살좋은 집 중문 붙박이장 커뮤니티 연결,22.06.17.,2022-06-20,"9억 3,000"
울산힐스테이트수암1단지,103동,15/26,84,전세,50000,2220188561,로얄층 시원한 조망 밝고환한집 7월이사협의 집깨끗합니다,22.06.17.,2022-06-20,5억
울산삼산푸르지오,102동,11/17,84,매매,52800,2220177120,"조망권최고,햇살가득한 앞동 정남향,수년전,올확장, 올리모델링됨,상태최상",22.06.17.,2022-06-20,"5억 2,800"
신정현대홈타운3단지,303동,12/25,84,매매,45000,2220163059,세입자안고매매 로얄층 관리잘된집 생활권편리,22.06.17.,2022-06-20,"4억 5,000"
신정현대홈타운3단지,303동,2/25,84,매매,43000,2220177951,올확장 수리된 깨끗한집 주차장연결동 이사협의가,22.06.17.,2022-06-20,"4억 3,000"
상아타워,1동,8/15,82,매매,35500,2220177716,남향 로얄층 실입주가능 가격조정 탁트인전망 군부대호재,22.06.17.,2022-06-20,"3억 5,500"
신정현대홈타운3단지,303동,8/25,84,매매,45000,2220177150,작은방확장 깨끗한집 지하층2층 연결동,22.06.17.,2022-06-20,"4억 5,000"
상아타워,1동,2/15,82,매매,36000,2220181798,3년전 배관 샤시포함 완벽올수리 거실확장 남향 군부대호재,22.06.17.,2022-06-20,"3억 6,000"
야음신선,103동,14/15,46,전세,12500,2220186358,"신선산뷰 트인조망 로얄층 2년전수리 방,거실도배해드림",22.06.17.,2022-06-20,"1억 2,500"
아데라움,107동,12/20,136,매매,70000,2220189572,"전망좋은 맨앞동, 방1확장, 화단철거, 내부깨끗",22.06.17.,2022-06-20,7억
상아파크,1동,8/12,79,매매,37000,2220163375,군부대조망권 외부샷시포함올수리 좋은집 전세안고 매매,22.06.17.,2022-06-20,"3억 7,000"
대현디아채,101동,10/14,84,매매,55000,2220160433,"햇살좋은 남향. 초중고인접. 거실,작은방확장. 호수공원등 생활권편리",22.06.17.,2022-06-20,"5억 5,000"
신성미소지움1단지,102동,11/25,84,매매,68000,2220161073,"거실방확장, 부분리모델링, 내부깨끗, 여천천청솔초연접",22.06.17.,2022-06-20,"6억 8,000"
평창현대3단지,601동,7/23,59,매매,33500,2219882086,거실 확장 내부올수리 상태깨끗. 태화강산책하기 좋고 삼산시내 도보로 가능,22.06.15.,2022-06-20,"3억 3,500"
신성미소지움1단지,103동,5/21,114,매매,75000,2220162320,"거실방확장, 부분리모델링, 내부깨끗, 조망일조권우수",22.06.17.,2022-06-20,"7억 5,000"
신정현대홈타운2단지,209동,2/25,84,전세,32000,2220161088,편안한저층 관리잘된 깨끗한집 이사협의가,22.06.17.,2022-06-20,"3억 2,000"
신성미소지움1단지,102동,21/25,84,매매,67000,2220160239,"방확장, 욕실수리, 씽크대교체, 등교체, 지하주차장연결동",22.06.17.,2022-06-20,"6억 7,000"
신정현대홈타운4단지,403동,23/25,40,매매,18200,2220160695,부분수리 밝고 여천천뷰가 멋진집 세입자안고매매,22.06.17.,2022-06-20,"1억 8,200"
한일(1611-1),A동,2/5,77,매매,67000,2220113097,남향 즉시입주가능 샷시포함 수리되어있음 C03재건축구역 주인거주,22.06.17.,2022-06-20,"6억 7,000"
울산신정푸르지오,106동,10/32,71,매매,64000,2219927351,"확트인조망권,관리상태최상,줄눈시공,중문설치,led등교체 했어요",22.06.17.,2022-06-20,"6억 4,000"
신성미소지움1단지,102동,4/25,84,매매,60000,2220160838,"거실방확장, 부분리모델링, 내부깨끗, 엘리베이터연결동",22.06.17.,2022-06-20,6억
울산롯데캐슬골드1단지,113동,11/25,84,매매,62000,2219895843,폴딩도어확장형 바닥포함 깔끔하고 정갈하게 올수리된 집 사진보실래요,22.06.15.,2022-06-20,"6억 2,000"
신정현대홈타운2단지,203동,8/25,84,매매,44000,2220160333,샤시포함 올수리 생활권편리 이사협의가,22.06.17.,2022-06-20,"4억 4,000"
울산롯데캐슬골드1단지,109동,14/22,129,매매,78500,2220147058,직매물. 조용하고 일조최상. 기본 깔끔한 집. 빠른입주가능,22.06.17.,2022-06-20,"7억 8,500"
대하미르빌(주상복합),1동,6/20,83,매매,33500,2220161677,일조최상 생활권편리 올확장 수리된깨끗한집 빠른입주가,22.06.17.,2022-06-20,"3억 3,500"
신성미소지움2단지,206동,16/23,84,매매,59000,2220159835,"거실방확장, 부분리모델링, 내부깨끗, 일조권우수",22.06.17.,2022-06-20,"5억 9,000"
신성미소지움2단지,201동,15/20,119,매매,80000,2220159677,"거실확장, 올리모델링, 내부깨끗, 조용한동",22.06.17.,2022-06-20,8억
옥동디아채,101동,4/20,84,매매,100000,2220276691,"추천,남향,층좋고,라인좋은집,학군최고,학원가 접근편리,주거편리,교통편리",22.06.17.,2022-06-20,10억
울산번영로두산위브,108동,17/27,84,매매,79000,2220282110,정남향 중문 줄눈 작은방붙박이장 선호하는앞동 집상태아주좋아요,22.06.17.,2022-06-20,"7억 9,000"
울산힐스테이트수암2단지,201동,7/16,84,매매,75000,2220296700,즉시입주가능.에어컨4대.줄눈등 부분수리,22.06.17.,2022-06-20,"7억 5,000"
크로바전원,2동,1/6,59,매매,14500,2220286251,"올수리됨.1층입니다,재건축진행중투자추천.공단출퇴근편리함.주차장여유",22.06.17.,2022-06-20,"1억 4,500"
신정현대홈타운2단지,205동,11/25,40,월세,1000,2220122706,올수리되어집깨끗합니다 전망좋은 투룸형 입니다.,22.06.16.,2022-06-20,"1,000"
아데라움,106동,17/20,84,매매,55000,2220257477,거실확장 방2확장 화단철거 전면조망확보 초중고인접  주차편리 즉시입주,22.06.17.,2022-06-20,"5억 5,000"
신성미소지움1단지,103동,6/21,84,매매,55000,2220105812,"거실방확장, 내부깨끗, 부분리모델링, 탁트인조망, 일조권우수",22.06.16.,2022-06-20,"5억 5,000"
일동미라주,105동,9/15,84,매매,49000,2220103307,햇살잘드는 남향 학교시장인근이라 선호도좋음,22.06.16.,2022-06-20,"4억 9,000"
신성미소지움1단지,105동,13/25,114,매매,75000,2220121737,일조 아주 좋아요,22.06.16.,2022-06-20,"7억 5,000"
옥서홈타운,1동,3/15,59,매매,34000,2220146794,"수년전 샤시교체,내부수리 깨끗한집",22.06.16.,2022-06-20,"3억 4,000"
동문아뮤티(주상복합),101동,32/33,135,매매,65000,2220257567,로얄층 시스템7대 홈네트웨크시스템 발코니확장 전동식 건조대 월세안고투자,22.06.17.,2022-06-20,"6억 5,000"
대현더샵2단지,206동,10/18,68,매매,75000,2220205117,직매물.급매가신축초중고마트시장가까워생활편리,22.06.17.,2022-06-20,"7억 5,000"
번영로롯데인벤스스위트,102동,10/25,84,매매,43500,2220133166,신혼부부추천.샤시포함완벽올수리.거실조망좋음.심플화이트톤예쁜집,22.06.16.,2022-06-20,"4억 3,500"
삼신현대,103동,1/15,70,전세,27000,2220259427,즉시 완전깨끗깔끔 화이트올수리 단지뷰확트여 햇살굿 넓은구조형 임차인1순위,22.06.17.,2022-06-20,"2억 7,000"
울산번영로두산위브,108동,6/27,84,매매,84000,2220104470,"정남향,로얄 맨앞동,주방수납장,중문 옵션,입주협의가능",22.06.16.,2022-06-20,"8억 4,000"
번영로코아루더클래식(주상복합),102동,31/32,84,매매,100000,2220131519,조망 잘 나오는 귀한테라스형으로  리모델링 되어 있어요,22.06.16.,2022-06-20,10억
신정지웰(주상복합),101동,7/29,84,매매,46000,2220215210,즉시입주 가능한 귀한매물 깨끗하게 관리 잘되어 있음 선호하는 4베이 동향,22.06.17.,2022-06-20,"4억 6,000"
문수로2차아이파크1단지,104동,4/23,101,매매,120000,2220173632,중고등 학교 밀집지역 옥동 학원가 이용편리,22.06.17.,2022-06-20,12억
신정현대홈타운3단지,303동,21/25,84,매매,48000,2220208071,직매물.즉시입주가능작은방확장및내부부분수리남향일조좋음,22.06.17.,2022-06-20,"4억 8,000"
세양청구마을,101동,18/23,59,매매,27000,2220149427,"거실확장,작은방확장,중문교체등올리모델링",22.06.16.,2022-06-20,"2억 7,000"
서강파크2차,비동,9/16,84,매매,38000,2220145994,최근샤시교체.내부깨끗.입지좋음,22.06.16.,2022-06-20,"3억 8,000"
대공원대명루첸,103동,2/29,83,매매,85000,2220133913,"아이들키우기좋은 필로티층, 풀시스템에어컨, 빌트인냉장고, 정원뷰",22.06.16.,2022-06-20,"8억 5,000"
두산위브더제니스(주상복합),101동,47/47,244,매매,235000,2220250199,"확트인뷰 , 복층 펜트하우스 , 시그니엘급 리모델링 , 입주가능",22.06.17.,2022-06-20,"23억 5,000"
울산번영로두산위브,102동,21/24,84,매매,83000,2220105025,정남향 중문 풀시스템에어컨 붙박이장설치 전세안고매매 입주도가능 ,22.06.16.,2022-06-20,"8억 3,000"
번영로코아루더클래식(주상복합),101동,7/32,84,전세,43000,2220097628,관리잘되어 깔끔한집,22.06.16.,2022-06-20,"4억 3,000"
지산오차드힐(주상복합),102동,10/20,84,월세,2000,2220071091,"귀한월세,햇살가득,뷰최상",22.06.16.,2022-06-20,"2,000"
옥동현대,102동,12/19,84,매매,43000,2220088767,남향의 로얄층라인.관리잘된깨끗한집,22.06.16.,2022-06-20,"4억 3,000"
삼신현대,104동,13/15,84,매매,43000,2220080111,전체수리 이사협의,22.06.16.,2022-06-20,"4억 3,000"
동광모닝스카이(도시형),101동,12/20,49,매매,15000,2220076926,"풀옵션, 입주가능해요",22.06.16.,2022-06-20,"1억 5,000"
성도,1동,4/25,84,매매,39000,2220086096,배관샤시포함 올리모델링.전세승계,22.06.16.,2022-06-20,"3억 9,000"
문수로2차아이파크1단지,103동,16/24,84,매매,130000,2220093387,"남서,남동으로 틔인 조망, 학원,브랜드,입지 최고의집",22.06.16.,2022-06-20,13억
신성미소지움2단지,210동,3/20,84,매매,54000,2220069553,"단지조망뷰,깨끗하게 관리된집,이사조율가능함",22.06.16.,2022-06-20,"5억 4,000"
동광모닝스카이(도시형),101동,9/20,49,월세,1000,2220070813,"뷰최상,풀옵션,집상태깨끗",22.06.16.,2022-06-20,"1,000"
무거위브자이,110동,23/25,119,매매,92000,2220070680,추천.앞동.판상형.시스템에어컨설치및 부분인테리어됨.,22.06.16.,2022-06-20,"9억 2,000"
일동미라주,104동,8/15,84,매매,48000,2220103154,가격조율가 신선산뷰 방2확장  깨끗함 남향 햇살좋음,22.06.16.,2022-06-20,"4억 8,000"
문수로2차아이파크2단지,206동,15/23,84,매매,115000,2220092946,"15층18층, 실입주, 조망권, 수납공간 굿,판상형",22.06.16.,2022-06-20,"11억 5,000"
청암(현대),1동,7/15,68,매매,25000,2220079619,입주가능.조망좋은 기본집입니다.현재주인 전세사는조건도 가능,22.06.16.,2022-06-20,"2억 5,000"
현대싱그런스위트,102동,12/12,83,매매,38000,2220099738,수리됨 막힘없이 해잘드는곳 생활권도좋아요,22.06.16.,2022-06-20,"3억 8,000"
무거위브자이,103동,5/25,120,매매,83000,2220070584,남향 조용하며 편안한 조경이 내려다보임,22.06.16.,2022-06-20,"8억 3,000"
성도,1동,6/25,59,매매,29500,2220096388,"앞뒤 트인 조용한 라인, 씽크대,보일러 교체 272 0700",22.06.16.,2022-06-20,"2억 9,500"
도성타운,15동,14/15,60,매매,25000,2220084490,햇살가득남향.남산초배정.로얄층.전세안고매매.집컨디션좋음,22.06.16.,2022-06-20,"2억 5,000"
옥현으뜸마을주공3단지,311동,11/15,59,매매,36000,2220097880,실입주가능한 호수전망나오는 귀한동 최신수리 2년 방3개 입주시기조율,22.06.16.,2022-06-20,"3억 6,000"
동광모닝스카이(도시형),101동,9/20,49,매매,14500,2220078073,"사정상급매,입주협의",22.06.16.,2022-06-20,"1억 4,500"
무거위브자이,111동,9/25,157,전세,70000,2220071377,앞동 남향 시스템에어컨설치 일조권좋으며 환한전망나옴 추천,22.06.16.,2022-06-20,7억
울산롯데캐슬골드1단지,115동,7/25,129,매매,77000,2220029193,"남향, 최고인기동, 생활편리, 가격조율가능, 입주협의가능, 깔끔한집",22.06.16.,2022-06-20,"7억 7,000"
신정현대홈타운2단지,205동,11/25,40,매매,18800,2220037653,전망트인중층 투룸형 전세안고 투자하세요,22.06.16.,2022-06-20,"1억 8,800"
울산롯데캐슬골드2단지,207동,6/24,84,매매,58000,2220033476,"급매, 남향,햇살짱, 산조망, 거실 발2확장, 씽크교체, 화이트수리,",22.06.16.,2022-06-20,"5억 8,000"
무거한신휴플러스,105동,15/18,84,매매,71000,2220038858,최고인기동확트인전망하루종일밝은집 넉넉한수납주차편리즉시입주,22.06.16.,2022-06-20,"7억 1,000"
울산롯데캐슬골드1단지,113동,13/25,84,매매,59000,2220044614,"추천매물,남향, 방1확장, 입주협의가능,가격조율됨",22.06.16.,2022-06-20,"5억 9,000"
신정현대홈타운3단지,301동,21/25,84,매매,44000,2220041776,거실확장 부분수리 막힘없는뷰 이사협의가,22.06.16.,2022-06-20,"4억 4,000"
어울림,101동,5/25,74,매매,36000,2220033401,생활권편리 초등학교인접 샤시포함수리 이사협의가,22.06.16.,2022-06-20,"3억 6,000"
평창현대2단지,503동,11/15,84,매매,40000,2220066087,503동 남향 로얄층 9월이사예정입니다,22.06.16.,2022-06-20,4억
옥동현대,102동,17/19,84,매매,39000,2220066363,"욕실수리, 전망멋진 옥동 대단지아파트 로얄층",22.06.16.,2022-06-20,"3억 9,000"
신정현대홈타운2단지,204동,3/25,84,매매,45000,2220028939,올리모델링된 관리잘된집,22.06.16.,2022-06-20,"4억 5,000"
번영로롯데인벤스스위트,102동,16/25,84,매매,42500,2220034909,"올확장,올리모델링,로얄층",22.06.16.,2022-06-20,"4억 2,500"
옥현으뜸마을주공3단지,309동,20/20,59,매매,32000,2220031443,확트인 전망층간소음없는 탑층기본방2입주2개월 협의가능,22.06.16.,2022-06-20,"3억 2,000"
울산롯데캐슬골드2단지,209동,16/23,59,매매,42000,2220067008,직매물.조율가능.올수리.도배장판화장실씽크도어락인터폰교체,22.06.16.,2022-06-20,"4억 2,000"
옥현으뜸마을주공3단지,310동,15/20,59,매매,32000,2220040713,햇살가득남향싱크대 신발장교체방2칸입주시기협의,22.06.16.,2022-06-20,"3억 2,000"
무거위브자이,113동,6/24,84,매매,71000,2220069291,조용하며 밝고 환한집 안락한 느낌의 편안한집,22.06.16.,2022-06-20,"7억 1,000"
삼산선경,2동,24/24,84,매매,36000,2220065806,층간소음없은 탑층입니다 샷시교체등 올수리,22.06.16.,2022-06-20,"3억 6,000"
울산옥현주공2단지,208동,8/18,84,매매,47500,2220035239,햇살가득 남향선호동선호라인 조용 작은방확장화장실2리모델링중문,22.06.16.,2022-06-20,"4억 7,500"
신정현대홈타운2단지,208동,1/17,59,매매,33000,2220063713,수리된 깨끗한집 생활권편리 세입자안고매매,22.06.16.,2022-06-20,"3억 3,000"
동서4차,1동,14/15,67,전세,22000,2220022866,"추천,전세,즉시입주가능,실사진참조,샷시제외인테리어,깨끗함,층좋고라인좋은집",22.06.16.,2022-06-20,"2억 2,000"
평창현대2단지,501동,6/20,54,매매,25000,2220065603,전세2억안고매매합니다 내부수리되어집깨끗합니다,22.06.16.,2022-06-20,"2억 5,000"
신정현대홈타운3단지,303동,20/25,84,매매,44500,2219996156,"남향,부분수리,전망좋음,주차편리",22.06.16.,2022-06-20,"4억 4,500"
세림벽산강변타운,103동,5/25,59,매매,27500,2220013078,전세안고 매매가능 올확장 샤시포함 완벽올수리 상태 최상,22.06.16.,2022-06-20,"2억 7,500"
신정현대홈타운2단지,207동,3/25,114,매매,49000,2219994474,"남향,이사협의",22.06.16.,2022-06-20,"4억 9,000"
신정현대홈타운4단지,404동,18/25,84,매매,53000,2219997768,"남향,전망좋은 동,이사협의",22.06.16.,2022-06-20,"5억 3,000"
아데라움,108동,1/20,84,매매,51500,2220016579,"맨앞동, 오래전올수리, 내부아주깨끗, 종일 햇빛잘들어옵니다",22.06.16.,2022-06-20,"5억 1,500"
신정현대홈타운3단지,302동,16/25,84,매매,48000,2219995247,"작은방확장포함올수리,전망좋음",22.06.16.,2022-06-20,"4억 8,000"
어울림,101동,6/25,59,매매,30500,2220019131,"추천매물,남서향,깨끗함,10월중순입주가능,학군,주거,교통편리,달동",22.06.16.,2022-06-20,3억 500
신정현대홈타운4단지,402동,25/25,81,매매,47000,2219998447,"남향,올수리,전망좋음",22.06.16.,2022-06-20,"4억 7,000"
어울림,102동,22/25,84,매매,42000,2220019425,"추천,남향,입주가능,이사협의,학군,주거,교통편리,달동",22.06.16.,2022-06-20,"4억 2,000"
어울림,101동,24/25,59,매매,32000,2220019705,"추천,남서향,샷시포함인테리어이쁜집,깨끗함,로얄층,입주협의,학군,주거편리",22.06.16.,2022-06-20,"3억 2,000"
어울림,102동,2/25,84,매매,39000,2220020064,"추천,급매,남향,가격좋은집,깨끗함,입주가능,이사협의,학군,주거,교통편리",22.06.16.,2022-06-20,"3억 9,000"
어울림,101동,20/25,59,매매,32500,2219988895,일조 조망최상 부분수리 주인거주로 관리잘된집 상태깨끗 즉시입주가,22.06.16.,2022-06-20,"3억 2,500"
삼환나띠르빌,102동,1/22,84,매매,36900,2219991041,"소음걱정없는1층,삼환모든매물보유,엘베 지하주차장연결,초품아,햇살남향,",22.06.16.,2022-06-20,"3억 6,900"
어울림,103동,22/23,59,매매,31000,2220021908,"추천,동향,층좋고,라인좋은집,입주가능,이사협의,학군,주거편리,교통편리",22.06.16.,2022-06-20,"3억 1,000"
세림벽산강변타운,102동,5/18,84,전세,33000,2220012321,샤시포함 리모델링 올확장 됨,22.06.16.,2022-06-20,"3억 3,000"
신정현대홈타운1단지,102동,21/25,59,매매,36000,2219988477,"최근올수리,전망좋음,주차장연결동",22.06.16.,2022-06-20,"3억 6,000"
신정현대홈타운3단지,301동,25/25,84,매매,44000,2219996953,"올수리,전망좋음,이사협의",22.06.16.,2022-06-20,"4억 4,000"
신정현대홈타운4단지,401동,5/25,84,매매,48000,2219998125,"남향,이사협의,주차편리",22.06.16.,2022-06-20,"4억 8,000"
신성미소지움1단지,103동,1/21,114,매매,72000,2219989822,"거실주방확장, 부분리모델링, 내부깨끗, 조망일조권우수",22.06.16.,2022-06-20,"7억 2,000"
어울림,103동,17/23,59,매매,30000,2220022311,"추천,로얄층,깨끗함,입주가능,이사협의,학군,주거편리,교통편리,달동",22.06.16.,2022-06-20,3억
세양청구마을,102동,8/23,84,매매,38000,2219815951,"샤시제외수리,LED등교체,즉시입주도가능",22.06.14.,2022-06-20,"3억 8,000"
선경그린,102동,12/12,59,매매,22000,2219969997,"직매물. 일조최상, 주차편리,생활권 편리한 아파트, 입주협의가능",22.06.16.,2022-06-20,"2억 2,000"
신정현대홈타운3단지,303동,18/25,114,매매,59000,2219975238,"탁트이고 일조권좋음, 올확장 올리모델링,한샘붙박이장,주차좋음,",22.06.16.,2022-06-20,"5억 9,000"
대현더샵2단지,203동,12/31,84,매매,95000,2219967811,"제일앞동,가장선호하는 남서A타입,풀옵션,트인조망,아늑한집,엘베2대라인",22.06.16.,2022-06-20,"9억 5,000"
신정현대홈타운1단지,103동,5/25,84,매매,46800,2219975558,"남향,탁트인 조망과 일조권 최상,부분수리,이사협의",22.06.16.,2022-06-20,"4억 6,800"
세양청구마을,106동,9/23,59,매매,27500,2219750602,"남향,전세안고매매,화장실,씽크대,작은방확장",22.06.14.,2022-06-20,"2억 7,500"
신정현대홈타운1단지,104동,14/25,84,매매,45300,2219987878,일조좋은 남향 작은방확장 수리된 깨끗한집 로얄층 이사협의가,22.06.16.,2022-06-20,"4억 5,300"
대현더샵2단지,206동,8/18,68,매매,69000,2219658623,"선호하는입구동,느티나무가 시원하게보이는집,시스템에어컨4대,중문,줄눈,탄성",22.06.14.,2022-06-20,"6억 9,000"
신정현대홈타운3단지,303동,1/25,114,매매,57000,2219967717,"부분수리,주차장연결동,생활편리동",22.06.16.,2022-06-20,"5억 7,000"
울산옥현주공2단지,210동,고/15,59,매매,30000,2220507464,"남향,로얄층 방확장,욕실수리 주차연결동,주차좋은동",22.06.20.,2022-06-20,3억
두산위브더제니스(주상복합),101동,중/47,144,매매,61000,2220501378,"리모델링,주인거주중, 남동향, 막힘없는 도심조망, 이사협의가능",22.06.20.,2022-06-20,"6억 1,000"
대공원대명루첸,105동,중/29,83,매매,81000,2220436305,"풀시스템에어컨, 중문, 집상태깨끗, 햇살가득남서, 탁트인조망",22.06.20.,2022-06-20,"8억 1,000"
한화꿈에그린2단지,201동,8/22,127,매매,65000,2220088832,oO2단지O로얄동 로얄층O시내전망O채광 좋은 남서향O,22.06.16.,2022-06-20,"6억 5,000"
서강파크2차,비동,9/16,84,매매,36500,2220089767,앞 전망이 좋고 화장실 전체적으로 부분수리 전세안고 갭투자좋아요,22.06.16.,2022-06-20,"3억 6,500"
동부,206동,12/20,59,매매,32500,2220123516,,22.06.16.,2022-06-20,"3억 2,500"
세림벽산강변타운,103동,21/25,59,매매,27000,2220118651,"거실,작은방,뒷베란다확장등 오래전 내부올수리,인근에 초중고,태화강등 있음",22.06.16.,2022-06-20,"2억 7,000"
대공원호반베르디움,106동,8/15,84,매매,55500,2220130785,"넓은 펜트리와 광폭 거실, 에어컨4대,중문,탄성코팅등 일부수리,깨끗함",22.06.16.,2022-06-20,"5억 5,500"
대공원아이파크1단지,102동,5/10,84,매매,68000,2220113374,"채광좋은 정남향, 거실 작은방 확장, 최고의 인프라 272 0700",22.06.16.,2022-06-20,"6억 8,000"
해원,비동,3/5,84,매매,40000,2220103369,"입주협의,재개발추진구역,관리잘된깨끗한집",22.06.16.,2022-06-20,4억
울산힐스테이트수암1단지,101동,14/25,84,월세,5000,2220091017,"풀옵션,남서향,구조좋은B타입,시스템에어컨5대,즉시이사가능합니다",22.06.16.,2022-06-20,"5,000"
